Family_fa,Given_fa,Paper_articleTitle,Paper_authorFullNames,pctwhite,pctblack,pctapi,pctaian,pct2prace,pcthispanic,fa_insti,country,Note
HYMES,D,"SIMPSON,LOUIS 'DESERTED BOY'","HYMES, D (1)",49.89,45.11,(S),(S),2.16,2.43,"UNIV PENN,PHILADELPHIA,PA 19174",USA,X
Givens,SMB,"Priming mammies, jezebels, and other controlling images: An examination of the influence of mediated stereotypes on perceptions of an African American woman","Givens, SMB (1)| Monahan, JL (2)",49.85,44.13,0.36,0.94,2.72,2.01,"Univ Alabama, Dept Commun Arts, Huntsville, AL 35899 USA",USA,X
ASON,R,CONTRAST EFFECTS AND SUBTRACTION IN PART-WHOLE QUESTIONS,"ASON, R (1)| CARLSON, JE (2)| TOURANGEAU, R (3)",49.5,23.76,(S),0,(S),21.78,"UNIV IDAHO,DEPT AGR ECON & RURAL SOCIOL,MOSCOW,ID 83843",USA,X
Coleman,R,The moral development of journalists: A comparison with other professions and a model for predicting high quality ethical reasoning,"Coleman, R (1)| Wilkins, L (2)",49.43,44.6,0.4,0.53,2.79,2.25,"Louisiana State Univ, Manship Sch Mass Commun, Baton Rouge, LA 70803 USA",USA,X
Coleman,Renita,Network TV news' affective framing of the presidential candidates: Evidence for a second-level agenda-setting effect through visual framing,"Coleman, Renita (1)| Banning, Stephen (2)",49.43,44.6,0.4,0.53,2.79,2.25,"Univ Texas, Austin, TX 78712 USA",USA,X
Coleman,CL,Examining influences of pharmacists' communication with consumers about antibiotics,"Coleman, CL (1)",49.43,44.6,0.4,0.53,2.79,2.25,"Portland State Univ, Dept Commun, Portland, OR 97207 USA",USA,X
COLEMAN,KM,THE POLLS - A REVIEW - THE 1985 USIA CENTRAL AMERICAN SURVEYS,"COLEMAN, KM (1)| SIGELMAN, L (2)",49.43,44.6,0.4,0.53,2.79,2.25,"UNIV ARIZONA,FAC SOCIAL 9 BEHAV SCI,TUCSON,AZ 85721",USA,X
Coleman,Cynthia-Lou,Examining claimsmakers' frames in news coverage of direct-to-consumer advertising,"oleman, Cynthia-Lou (1)| Hartley, Heather (2)| Kennamer, J. David (3)",49.43,44.6,0.4,0.53,2.79,2.25,"Portland State Univ, Dept Commun, Portland, OR 97207 USA",USA,X
Brinson,Susan L.,Developing a television genre: Table talk with Helen Sioussat,"Brinson, Susan L. (1)",49.36,46.02,0.31,0.31,2.28,1.72,"Auburn Univ, Dept Commun & Journalism, Auburn, AL 36849 USA",USA,X
Hinnant,Amanda,JOURNALISTIC USE OF EXEMPLARS TO HUMANIZE HEALTH NEWS,"innant, Amanda (1)| Len-Rios, Maria E. (2)| Young, Rachel (3)",49.32,46.32,0.56,0.47,2.01,1.33,"Univ Missouri, Missouri Sch Journalism, Columbia, MO 65211 USA",USA,X
Asad,Mariam,"""""""This Is Shared Work:"""" Negotiating Boundaries in a Social Service Intermediary Organization""","Asad, Mariam (1)| Le Dantec, Christopher A. (2)",49.16,5.97,34.76,(S),5.13,(S),"Georgia Inst Technol, Digital Media, Atlanta, GA 30308 USA",USA,X
Benjamin,Louise M.,Regulating the government's airwaves: Creation of the Interdepartmental Radio Advisory Committee (IRAC),"Benjamin, Louise M. (1)",49.04,41.58,2.49,0.9,2.61,3.38,"Univ Georgia, Dept Telecommun, Athens, GA 30602 USA",USA,X
Keys,Jobia,"Doc McStuffins and Dora the Explorer: representations of gender, race, and class in US animation","Keys, Jobia (1)",48.9,43.86,0.33,1.11,3.31,2.49,"Georgia State Univ, Atlanta, GA 30303 USA",USA,X
Robinson,Rebecca S.,Pink Hijab Day: Mediation of the Hijab as a Symbol of Protest,"Robinson, Rebecca S. (1)",48.7,44.93,0.46,0.53,2.77,2.61,"Kennesaw State Univ, Kennesaw, GA 30144 USA",USA,X
Robinson,Sue,A Racial Reckoning of a Progressive Ideology in Public Discourse,"Robinson, Sue (1)",48.7,44.93,0.46,0.53,2.77,2.61,"Univ Wisconsin, Madison, WI 53706 USA",USA,X
Robinson,Laura,Foreword to Critical Commentary on Venture Labor,"Robinson, Laura (1)| Schulz, Jeremy (2)",48.7,44.93,0.46,0.53,2.77,2.61,"Santa Clara Univ, Santa Clara, CA 95053 USA",USA,X
Robinson,John P.,SOCIAL ATTITUDE DIFFERENCES BETWEEN INTERNET USERS AND NON-USERS Evidence from the General Social Survey,"Robinson, John P. (1)| Martin, Steven P. (2)",48.7,44.93,0.46,0.53,2.77,2.61,"Univ Maryland, Dept Sociol, College Pk, MD 20742 USA",USA,X
Robinson,James D.,Cancer Patients and the Provision of Informational Social Support,"Robinson, James D. (1)| Tian, Yan (2)",48.7,44.93,0.46,0.53,2.77,2.61,"Univ Dayton, Dept Commun, Dayton, OH 45469 USA",USA,X
Robinson,Becky,Don't Say That to ME: Opposition to Targeting in Weight-Centric Intervention Messages,"Robinson, Becky (1)| Coveleski, Samantha (2)",48.7,44.93,0.46,0.53,2.77,2.61,"Univ Calif Santa Barbara, Dept Commun, Santa Barbara, CA 93106 USA",USA,X
Robinson,JD,"Impersonal, interpersonal, and hyperpersonal social support: Cancer and older adults","Robinson, JD (1)| Turner, J (2)",48.7,44.93,0.46,0.53,2.77,2.61,"Univ Dayton, Dept Commun, Dayton, OH 45469 USA",USA,X
Robinson,Jeffrey D.,How patients understand physicians' solicitations of additional concerns: implications for up-front agenda setting in primary care,"Robinson, Jeffrey D. (1)| Heritage, John (2)",48.7,44.93,0.46,0.53,2.77,2.61,"Portland State Univ, Dept Commun, Portland, OR 97201 USA",USA,X
Robinson,Melissa J.,Bedtime Stories that Work: The Effect of Protagonist Liking on Narrative Persuasion,"Robinson, Melissa J. (1)| Knobloch-Westerwick, Silvia (2)",48.7,44.93,0.46,0.53,2.77,2.61,"Ohio State Univ, Sch Commun, 3047 Derby Hall,154 N Oval Mall, Columbus, OH 43210 USA",USA,X
Robinson,SJ,Uncertain science and certain deadlines: CDC responses to the media during the anthrax attacks of 2001,"Robinson, SJ (1)| Newstetter, WC (2)",48.7,44.93,0.46,0.53,2.77,2.61,"Georgia Inst Technol, Atlanta, GA 30332 USA",USA,X
ROBINSON,MJ,BOOKS IN THE MARKETPLACE OF IDEAS,"ROBINSON, MJ (1)| OLSZEWSKI, R (2)",48.7,44.93,0.46,0.53,2.77,2.61,"ROSSE & OLSZEWSKI,PALO ALTO,CA",USA,X
Robinson,TN,Effects of the SMART classroom curriculum to reduce child and family screen time,"Robinson, TN (1)| Borzekowski, DLG (2)",48.7,44.93,0.46,0.53,2.77,2.61,"Stanford Univ, Sch Med, Div Gen Pediat, Dept Pediat, Stanford, CA 94305 USA",USA,X
Robinson,Tom,Older characters in children's animated television programs: A content analysis of their portrayal,"Robinson, Tom (1)| Anderson, Caitlin (2)",48.7,44.93,0.46,0.53,2.77,2.61,"Brigham Young Univ, Dept Commun, Provo, UT 84602 USA",USA,X
ROBINSON,GS,DONT KNOW BOXES IN FACTUAL QUESTIONS IN A MAIL QUESTIONNAIRE - EFFECTS ON LEVEL AND QUALITY OF RESPONSE,", GS (1)| SEEMAN, I (2)| MCLAUGHLIN, J (3)| MEHL, E (4)| DIETZ, M (5)",48.7,44.93,0.46,0.53,2.77,2.61,"NCI,DIV CANC ETZOL,BIOSTAT BRANCH,BETHESDA,MD 20205",USA,X
Robinson,L,Debating the events of September 11th: Discursive and interactional dynamics in three online fora,"Robinson, L (1)",48.7,44.93,0.46,0.53,2.77,2.61,"Univ Calif Los Angeles, Dept Sociol, Los Angeles, CA 90095 USA",USA,X
Robinson,Nicholas W.,Taking sides in the war on news: exploring curvilinear associations and group differences related to perceptions of news media as threat,"Robinson, Nicholas W. (1)| Holbert, R. Lance (2)",48.7,44.93,0.46,0.53,2.77,2.61,"Temple Univ, Dept Commun & Social Influence, Klein Coll Media & Commun, Philadelphia, PA 19122 USA",USA,X
WARE,BL,"THE RHETORICAL PERSONA - GARVEY,MARCUS AS BLACK MOSES","WARE, BL (1)| LINKUGEL, WA (2)",48.69,44.88,0.47,0.82,2.75,2.39,"UNIV KANSAS, LAWRENCE, KS 66045 USA",USA,X
ROD,DK,"BURKE,KENNETH CONCEPT OF ENTITLEMENT","ROD, DK (1)",48.67,1.77,(S),(S),1.3,47.17,"TEXAS LUTHERAN COLL, SEGUIN, TX 78155 USA",USA,X
HEN,J,PERCEIVED IMPACT OF DEFAMATION - AN EXPERIMENT ON 3RD-PERSON EFFECTS,"HEN, J (1)| MUTZ, D (2)| PRICE, V (3)| GUNTHER, A (4)",48.3,6.81,36.6,(S),(S),5.32,"UNIV MICHIGAN,COMMUN,ANN ARBOR,MI 48109",USA,X
Isa,Daud,A Social Networks Approach to Online Social Movement: Social Mediators and Mediated Content in #FreeAJStaff Twitter Network,"Isa, Daud (1)| Himelboim, Itai (2)",48.06,9.57,27.01,(S),(S),8.91,"Univ Georgia, Grady Coll Journalism & Mass Commun, Athens, GA 30602 USA",USA,X
Marcellus,J,Woman as machine: Representation of secretaries in Interwar Magazines,"Marcellus, J (1)",48.06,47.06,0.47,0.24,2.47,1.71,"Middle Tennessee State Univ, Sch Journalism, Murfreesboro, TN 37132 USA",USA,X
Marcellus,Jane,SOUTHERN MYTHS AND THE NINETEENTH AMENDMENT: THE PARTICIPATION OF NASHVILLE NEWSPAPER PUBLISHERS IN THE FINAL STATE'S RATIFICATION,"Marcellus, Jane (1)",48.06,47.06,0.47,0.24,2.47,1.71,"Middle Tennessee State Univ, Murfreesboro, TN 37130 USA",USA,X
Guillory,Jamie,The Effect of Linkedin on Deception in Resumes,"Guillory, Jamie (1)| Hancock, Jeffrey T. (2)",47.93,44.83,0.55,0.59,2.76,3.34,"Cornell Univ, Dept Commun, Ithaca, NY 14853 USA",USA,X
Hugh,Bridget Christine,"When social media traumatizes teens: The roles of online risk exposure, coping, and post-traumatic stress","Hugh, Bridget Christine (1)| Wisniewski, Pamela (2)| Rosson, Mary Beth (3)| Carroll, John M. (4)",47.84,21.79,20.77,0.55,5.74,3.3,"Univ Cent Florida, Dept Psychol, Orlando, FL 32816 USA",USA,X
Monde,Geniece Crawford,#BlackDontCrack: a content analysis of the aging Black woman in social media,"Monde, Geniece Crawford (1)",47.5,44.29,2.5,0,2.5,3.21,"Wingate Univ, Sociol, Wingate, NC 28174 USA",USA,X
RULL,R,ENTROPY AND STRUCTURE - 2 MEASURES OF COMPLEXITY IN TELEVISION PROGRAMS,"RULL, R (1)| WATT, JH (2)| LICHTY, LW (3)",47.04,(S),31.78,(S),2.49,18.07,"RENSSELAER POLYTECH INST,TROY,NY 12181",USA,X
Ura,Joseph Daniel,The Supreme Court and Issue Attention: The Case of Homosexuality,"Ura, Joseph Daniel (1)",46.85,(S),26.13,0,(S),24.77,"Texas A&M Univ, Dept Polit Sci, College Stn, TX 77843 USA",USA,X
Sohn,Y. J.,"""A """"Buffer"""" or """"Boomerang?""""- The Role of Corporate Reputation in Bad Times""","Sohn, Y. J. (1)| Lariscy, Ruthann Weaver (2)",46.75,2.11,47.79,0.52,1.67,1.17,"Florida Inst Technol, Melbourne, FL 32901 USA",USA,X
Sohn,D,Dimensions of interactivity: Differential effects of social and psychological factors,"Sohn, D (1)| Lee, BK (2)",46.75,2.11,47.79,0.52,1.67,1.17,"Univ Texas, Coll Commun, Dept Advertising, Austin, TX 78712 USA",USA,X
Dozier,David M.,Demographics and Internet behaviors as predictors of active publics,"zier, David M. (1)| Shen, Hongmei (2)| Sweetser, Kaye D. (3)| Barker, Valerie (4)",46.56,47.49,0.37,0.47,2.71,2.41,"San Diego State Univ, Sch Journalism & Media Studies, 5500 Campanile Dr, San Diego, CA 92182 USA",USA,X
Mulla,Ayesha,"""Broadcasting the Dharna: Mediating """"Contained"""" Populism in Contemporary Pakistan""","Mulla, Ayesha (1)",46.45,(S),44.76,(S),2.87,2.87,"Univ Chicago, Chicago, IL 60637 USA",USA,X
Burrell,Jenna,How the machine 'thinks': Understanding opacity in machine learning algorithms,"Burrell, Jenna (1)",46.23,46.91,0.36,0.54,2.86,3.1,"Univ Calif Berkeley, Sch Informat, 102 South Hall 4600, Berkeley, CA 94720 USA",USA,X
SHERIF,CW,JUDGEMENTS OF TRUTH BY PARTICIPANTS IN COLLECTIVE CONTROVERSY,"SHERIF, CW (1)| JACKMAN, NR (2)",46.15,44.62,(S),(S),3.59,3.08,"UNIV OKLAHOMA,INST GRP RELATIONS,NORMAN,OK",USA,X
CHUMAN,H,"THE PERCEIVED THREAT OF NUCLEAR-WAR, SALIENCE, AND OPEN QUESTIONS","CHUMAN, H (1)| LUDWIG, J (2)| KROSNICK, JA (3)",45.91,(S),22.64,0,(S),29.56,"UNIV MICHIGAN,SOCIOL,ANN ARBOR,MI 48109",USA,X
Williams,Apryl A.,The Lonely Selfie King: Selfies and the Conspicuous Prosumption of Gender and Race,"Williams, Apryl A. (1)| Marquez, Beatriz Aldana (2)",45.75,47.68,0.46,0.82,2.81,2.49,"Texas A&M Univ, College Stn, TX 77843 USA",USA,X
Williams,Ann E.,"Metaphor, Media, and the Market","Williams, Ann E. (1)",45.75,47.68,0.46,0.82,2.81,2.49,"Georgia State Univ, Atlanta, GA 30303 USA",USA,X
Williams,DE,Expanding the crisis planning function: Introducing elements of risk communication to crisis communication practice,"Williams, DE (1)| Olaniran, BA (2)",45.75,47.68,0.46,0.82,2.81,2.49,"Texas Tech Univ, Dept Commun Studies, Lubbock, TX 79409 USA",USA,X
Williams,Apryl,I got all my sisters with me (on Black Twitter): second screening of How to Get Away with Murder as a discourse on Black Womanhood,"Williams, Apryl (1)| Gonlin, Vanessa (2)",45.75,47.68,0.46,0.82,2.81,2.49,"Texas A&M Univ, Dept Sociol, 311 Acad Bldg, College Stn, TX 77843 USA",USA,X
Williams,Maggie Griffith,"Cabs, community, and control: Mobile communication among Chicago's taxi drivers","Williams, Maggie Griffith (1)",45.75,47.68,0.46,0.82,2.81,2.49,"Univ Illinois, Dept Commun, 1007 W Harrison St,1140 Behav Sci Bldg, Chicago, IL 60607 USA",USA,X
Williams,Kevin D.,"The Effects of Frustration, Violence, and Trait Hostility After Playing a Video Game","Williams, Kevin D. (1)",45.75,47.68,0.46,0.82,2.81,2.49,"Mississippi State Univ, Dept Commun, Mississippi State, MS 39762 USA",USA,X
WILLIAMS,JS,WHY PEOPLE OWN GUNS,"WILLIAMS, JS (1)| MCGRATH, JH (2)",45.75,47.68,0.46,0.82,2.81,2.49,"VIRGINIA COMM UNIV,CTR SURVEY RES,RICHMOND,VA 23219",USA,X
WILLIAMS,P,COMMUNICATION AS BIOSYSTEM,"WILLIAMS, P (1)| PEARCE, JT (2)",45.75,47.68,0.46,0.82,2.81,2.49,"ROSARY COLL,GRAD SCH LIBR SCI,RIVER FOREST,IL 60305",USA,X
WILLIAMS,BR,STRUCTURE OF TELEVISED FOOTBALL,"WILLIAMS, BR (1)",45.75,47.68,0.46,0.82,2.81,2.49,"INDIANA UNIV,DEPT TELECOMMUN,INDIANAPOLIS,IN 46204",USA,X
WILLIAMS,KR,REFLECTIONS ON A HUMAN SCIENCE OF COMMUNICATION,"WILLIAMS, KR (1)",45.75,47.68,0.46,0.82,2.81,2.49,"OHIO UNIV,ATHENS,OH 45701",USA,X
Williams,D,Synergy bias: Conglomerates and promotion in the news,"Williams, D (1)",45.75,47.68,0.46,0.82,2.81,2.49,"Univ Michigan, Ann Arbor, MI 48109 USA",USA,X
Williams,Dmitri,Groups and goblins: The social and civic impact of an online game,"Williams, Dmitri (1)",45.75,47.68,0.46,0.82,2.81,2.49,"Univ Illinois, Dept Speech Commun, Urbana, IL 61801 USA",USA,X
WILLIAMS,JA,INTERVIEWER ROLE PERFORMANCE - FURTHER NOTE ON BIAS IN INFORMATION INTERVIEW,"WILLIAMS, JA (1)",45.75,47.68,0.46,0.82,2.81,2.49,"UNIV TEXAS,AUSTIN,TX",USA,X
Williams,Christine B.,Social networks in political campaigns: Facebook and the congressional elections of 2006 and 2008,"Williams, Christine B. (1)| Gulati, Girish J. 'Jeff' (2)",45.75,47.68,0.46,0.82,2.81,2.49,"Bentley Univ, Global Studies Dept, Waltham, MA 02452 USA",USA,X
Williams,Pamela A.,Impact of a Pilot Intervention to Increase Physician-Patient Communication About Stroke Risk in Indonesia,"liams, Pamela A. (1)| Prabandari, Yayi S. (2)| Burfeind, Chelsea (3)| Lefebvre, R. Craig (4)| LaBresh, Kenneth A. (5)",45.75,47.68,0.46,0.82,2.81,2.49,"RTI Int, Social Policy Hlth & Econ Res Unit, 3040 East Cornwallis Rd,POB 12194, Res Triangle Pk, NC 27709 USA",USA,X
Polk,Emily,"Sustainability and Participatory Communication: A Case Study of the Transition Town Amherst, Massachusetts","Polk, Emily (1)| Servaes, Jan (2)",45.48,47.96,0.66,1.09,2.46,2.35,"Stanford Univ, Program Writing & Rhetor, Stanford, CA 94305 USA",USA,X
Polk,DM,Communication and family caregiving for Alzheimer's dementia: Linking attributions and problematic integration,"Polk, DM (1)",45.48,47.96,0.66,1.09,2.46,2.35,"W Chester Univ, Dept Commun Studies, W Chester, PA 19383 USA",USA,X
Gant,C,"Making local news: A holistic analysis of sources, selection criteria, and topics","Gant, C (1)| Dimmick, J (2)",45.2,48.34,0.52,0.45,3.31,2.18,"State Univ W Georgia, Dept Mass Commun & Theatre Arts, Carrollton, GA 30118 USA",USA,X
Mack,Elizabeth A.,Businesses and the need for speed: The impact of broadband speed on business presence,"Mack, Elizabeth A. (1)",44.76,49.06,0.7,0.53,2.59,2.37,"Arizona State Univ, Sch Geog Sci & Urban Planning, Tempe, AZ 85287 USA",USA,X
MACK,D,METAPHORING AS SPEECH-ACT - SOME HAPPINESS CONDITIONS FOR IMPLICIT SIMILES AND SIMPLE METAPHORS,"MACK, D (1)",44.76,49.06,0.7,0.53,2.59,2.37,"UNIV MICHIGAN,DEPT HUMANITIES,ANN ARBOR,MI 48109",USA,X
MCGHEE,PE,SEX-DIFFERENCES IN CHILDRENS HUMOR,"MCGHEE, PE (1)",44.63,48.21,0.4,1.66,3.07,2.02,"FELS RES INST,YELLOW SPRINGS,OH 45387",USA,X
McGhee,E,Estimating vote choice - A new look at the generic congressional ballot,"McGhee, E (1)| Baldassare, M (2)",44.63,48.21,0.4,1.66,3.07,2.02,"Univ Calif Berkeley, Berkeley, CA 94720 USA",USA,X
Haywood,Benjamin K.,"Education, outreach, and inclusive engagement: Towards integrated indicators of successful program outcomes in participatory science","Haywood, Benjamin K. (1)| Besley, John C. (2)",44.5,49.08,0.38,0.45,3.03,2.55,"Univ S Carolina, Dept Geog, Columbia, SC 29208 USA",USA,X
Bickham,David S.,Media effects as health research: how pediatricians have changed the study of media and child development,"ickham, David S. (1)| Kavanaugh, Jill R. (2)| Rich, Michael (3)",44.47,49.26,0.29,0.52,2.95,2.52,"Boston Childrens Hosp, Ctr Media & Child Hlth, Div Adolescent Young Adult Med, Boston, MA USA",USA,X
Sias,Patricia M.,"""""""I know it's not your job but ..."""": Extra-role tasks, communication, and leader-member exchange relationships""","Sias, Patricia M. (1)| Duncan, Kaylin L. (2)",44.12,22.11,0.45,0.9,1.35,31.07,"Univ Arizona, Dept Commun, 1103 E Univ Blvd,POB 210025, Tucson, AZ 85721 USA",USA,X
Sias,PM,Disengaging from workplace relationships - A research note,"Sias, PM (1)| Perry, T (2)",44.12,22.11,0.45,0.9,1.35,31.07,"Washington State Univ, Edward R Murrow Sch Commun, Pullman, WA 99164 USA",USA,X
SIAS,PM,"DIFFERENTIAL SUPERIOR-SUBORDINATE RELATIONS, PERCEPTIONS OF FAIRNESS, AND COWORKER COMMUNICATION","SIAS, PM (1)| JABLIN, FM (2)",44.12,22.11,0.45,0.9,1.35,31.07,"UNIV RICHMOND, JEPSON SCH LEADERSHIP STUDIES, RICHMOND, VA 23173 USA",USA,X
Tiger,Rebecca,Celebrity gossip blogs and the interactive construction of addiction,"Tiger, Rebecca (1)",43.9,6.14,0.66,38.06,7.04,4.2,"Middlebury Coll, Middlebury, VT 05753 USA",USA,X
EALEY,JS,ADVERTISING SCREAMERS VERSUS HUMMERS,"EALEY, JS (1)| FISHER, ME (2)| HEALEY, GF (3)",43.83,50.92,0.36,0.31,2.11,2.47,"SMITH GREENLAND INC ADVERTISING,STRATEG PLANNING & RES,NEW YORK,NY",USA,X
ANN,JW,THE COGNITIVE EFFECTS OF TIME-COMPRESSED ADVERTISING,"ANN, JW (1)| ROGERS, RD (2)| PENROD, JP (3)",43.47,8.14,43.47,(S),(S),3.38,"UNIV NEW MEXICO, MKT, ALBUQUERQUE, NM 87131 USA",USA,X
Ephron,E,Why we can't afford to measure viewers,"Ephron, E (1)| Gray, S (2)",43.28,52.99,0,0,(S),(S),"Ephron Papazian & Ephron Inc, New York, NY USA",USA,X
Lorie,Aine F.,Forbidden fruit or conventional apple pie? A look at Sex and the City's reversal of the female gender,"Lorie, Aine F. (1)",43.19,(S),(S),0,(S),54.15,"Kaplan Univ, Ft Lauderdale, FL 33309 USA",USA,X
Aden,Roger C.,When Memories and Discourses Collide: The President's House and Places of Public Memory,"Aden, Roger C. (1)",42.95,53.11,1.08,0.13,1.45,1.28,"Ohio Univ, Sch Commun Studies, Athens, OH 45701 USA",USA,X
Copes,Heith,A narrative approach to studying symbolic boundaries among drug users: A qualitative meta-synthesis,"Copes, Heith (1)",42.73,50.11,(S),(S),3.42,3.06,"Univ Alabama Birmingham, Dept Justice Sci, Suite 210,1201 Univ Blvd, Birmingham, AL 35294 USA",USA,X
Ragas,Matthew W.,Agenda building during activist shareholder campaigns,"Ragas, Matthew W. (1)",42.57,45.89,3.32,1.06,3.32,3.85,"Depaul Univ, Coll Commun, Chicago, IL 60604 USA",USA,X
Forde,Kathy Roberts,"""PROFIT AND PUBLIC INTEREST: A PUBLICATION HISTORY OF JOHN HERSEY'S """"HIROSHIMA""""""","Forde, Kathy Roberts (1)",42.1,50.11,0.91,0.32,2.37,4.19,"Univ S Carolina, Sch Journalism & Mass Commun, Columbia, SC 29208 USA",USA,X
Trice,Elizabeth D.,Communication in End-Stage Cancer: Review of the Literature and Future Research,"Trice, Elizabeth D. (1)| Prigerson, Holly G. (2)",41.91,51.18,0.53,0.41,3.81,2.15,"Dana Farber Canc Inst, Ctr Psychooncol & Palliat Care Res, Boston, MA 02114 USA",USA,X
Trice,Jasmine Nadua,"""Location shooting in """"the Wild East"""": risk and masculinity in Hollywood productions in the Philippines""","Trice, Jasmine Nadua (1)",41.91,51.18,0.53,0.41,3.81,2.15,"Univ Calif Los Angeles, Dept Film Televis & Digital Media, Los Angeles, CA 90095 USA",USA,X
HATCHETT,S,WHITE RESPONDENTS AND RACE-OF-INTERVIEWER EFFECTS,"HATCHETT, S (1)| SCHUMAN, H (2)",41.9,51.69,0.38,0.33,3.06,2.64,"UNIV MICHIGAN,SURVEY RES CTR,ANN ARBOR,MI 48104",USA,X
Elias,Troy,A Tale of Two Social Contexts Race-Specific Testimonials on Commercial Web Sites,"Elias, Troy (1)| Appiah, Osei (2)",41.59,4.8,1.84,0.32,1.34,50.11,"Univ Florida, Coll Journalism & Commun, Dept Advertising, Gainesville, FL 32611 USA",USA,X
EADEN,RS,TV AUDIENCE EXPOSURE,"EADEN, RS (1)| KLOMPMAKER, JE (2)| TEEL, JE (3)",41.32,55.56,1.74,0,(S),(S),"UNIV N CAROLINA,CHAPEL HILL,NC 27514",USA,X
Noy,Shiri,Science for good? The effects of education and national context on perceptions of science,"Noy, Shiri (1)| O'Brien, Timothy L. (2)",41.19,6.43,29.1,(S),(S),21.13,"Denison Univ, Sociol, Granville, OH 43023 USA",USA,X
Pride,RA,Redefining the problem of racial inequality,"Pride, RA (1)",41.06,52.84,0.31,0.45,3.12,2.22,"Vanderbilt Univ, Dept Polit Sci, Nashville, TN 37235 USA",USA,X
John,Burton St.,"""The """"creative confrontation"""" of Herbert Schmertz: Public relations sense making and the corporate persona""","John, Burton St., III (1)",40.98,21.03,21.27,11.17,2.41,3.15,"Old Dominion Univ, Norfolk, VA 23529 USA",USA,X
LOMAX,A,APPEAL FOR CULTURAL EQUITY,"LOMAX, A (1)",40.7,52.68,0.35,0.45,3.33,2.49,"COLUMBIA UNIV,DEPT ANTHROPOL,NEW YORK,NY 10027",USA,X
Bellamy,Robert V.,Reflections on Communication and Sport: On Institutions and Strategies,"Bellamy, Robert V. (1)",40.4,53.89,0.37,0.38,2.48,2.48,"Duquesne Univ, Dept Journalism & Multimedia Arts, Pittsburgh, PA 15282 USA",USA,X
Jackson,Sarah J.,#Ferguson is everywhere: initiators in emerging counterpublic networks,"Jackson, Sarah J. (1)| Welles, Brooke Foucault (2)",39.89,53.04,0.39,1.06,3.12,2.5,"Northeastern Univ, Commun Studies, Boston, MA 02115 USA",USA,X
Jackson,John L.,Toward an Ethnographic Lingua Franca: Communication and Anthropology,"Jackson, John L., Jr. (1)",39.89,53.04,0.39,1.06,3.12,2.5,"Univ Penn, Annenberg Sch Commun, Philadelphia, PA 19104 USA",USA,X
Jackson,RL,Perceptions of white identity and white liability: An analysis of white student responses to a college campus racial hate crime,"Jackson, RL (1)| Heckman, SM (2)",39.89,53.04,0.39,1.06,3.12,2.5,"Penn State Univ, Dept Commun Arts & Sci, University Pk, PA 16802 USA",USA,X
Jackson,M,From private to public: Reexamining the technological basis for copyright,"Jackson, M (1)",39.89,53.04,0.39,1.06,3.12,2.5,"Penn State Univ, Coll Commun, University Pk, PA 16802 USA",USA,X
JACKSON,S,M-GREATER-THAN-1 - ANALYSIS OF TREATMENT X REPLICATION DESIGNS,"JACKSON, S (1)| BRASHERS, DE (2)",39.89,53.04,0.39,1.06,3.12,2.5,"OHIO STATE UNIV,DEPT COMMUN,COLUMBUS,OH 43210",USA,X
JACKSON,JE,THE ATTITUDINAL CLIMATE FOR ENTREPRENEURIAL ACTIVITY,"JACKSON, JE (1)| RODKEY, GR (2)",39.89,53.04,0.39,1.06,3.12,2.5,"UNIV MICHIGAN,ANN ARBOR,MI 48109",USA,X
Jackson,Michele H.,"Fluidity, promiscuity, and mash-ups: New concepts for the study of mobility and communication","Jackson, Michele H. (1)",39.89,53.04,0.39,1.06,3.12,2.5,"Univ Colorado, Dept Commun, Boulder, CO 80309 USA",USA,X
Jackson,Sally,Becoming More Reflective about the Role of Design in Communication,"Jackson, Sally (1)| Aakhus, Mark (2)",39.89,53.04,0.39,1.06,3.12,2.5,"Univ Illinois, Urbana, IL 61801 USA",USA,X
Jackson,F,African-American responses to the Human Genome Project,"Jackson, F (1)",39.89,53.04,0.39,1.06,3.12,2.5,"Univ Maryland, College Pk, MD 20742 USA",USA,X
Agha,Sohail,Assessing a Thematic Condom Advertising Campaign on Condom Use in Urban Pakistan,"Agha, Sohail (1)| Beaudoin, Christopher E. (2)",39.69,6.65,40.69,1,8.31,3.66,"Texas A&M Univ, Dept Commun, College Stn, TX 77843 USA",USA,X
Riles,Julius M.,Framing Cancer for Online News: Implications for Popular Perceptions of Cancer,"les, Julius M. (1)| Sangalang, Angeline (2)| Hurley, Ryan J. (3)| Tewksbury, David (4)",39.35,54.81,(S),(S),3.05,2.28,"Univ Illinois, Dept Commun, Urbana, IL 61801 USA",USA,X
Riles,Julius Matthew,Representations of Interpersonal Interaction and Race/Ethnicity: An Examination of Prime-Time Network Television Programs,"les, Julius Matthew (1)| Varava, Kira (2)| Pilny, Andrew (3)| Tewksbury, David (4)",39.35,54.81,(S),(S),3.05,2.28,"Univ Missouri, Columbia, MO 65211 USA",USA,X
Banks,Patricia A.,The rise of Africa in the contemporary auction market: Myth or reality?,"Banks, Patricia A. (1)",39.27,54.51,0.36,0.43,2.98,2.45,"Mt Holyoke Coll, Dept Sociol & Anthropol, 50 Coll St, S Hadley, MA 01060 USA",USA,X
Banks,Jaime,The big screen treatment: Gratifications sought in game-to-film transmedia consumption,"Banks, Jaime (1)| Wasserman, Joe A. (2)",39.27,54.51,0.36,0.43,2.98,2.45,"West Virginia Univ, Commun Studies, Morgantown, WV 26506 USA",USA,X
Banks,Antoine J.,RACIALIZED CAMPAIGN ADS THE EMOTIONAL CONTENT IN IMPLICIT RACIAL APPEALS PRIMES WHITE RACIAL ATTITUDES,"Banks, Antoine J. (1)| Bell, Melissa A. (2)",39.27,54.51,0.36,0.43,2.98,2.45,"Univ Maryland, Ctr Amer Polit & Citizenship, College Pk, MD 20742 USA",USA,X
BANKS,S,PUBLIC POLICY ON ADS TO CHILDREN,"BANKS, S (1)",39.27,54.51,0.36,0.43,2.98,2.45,"LEO BURNETT USA,CHICAGO,IL 60600",USA,X
Yeo,Sara K.,Disgusting microbes: The effect of disgust on perceptions of risks related to modifying microbiomes,"o, Sara K. (1)| Sun, Ye (2)| McKasy, Meaghan (3)| Shugart, Erika C. (4)",38.11,(S),55.97,(S),1.82,3.17,"Univ Utah, Dept Commun, 2618 Languages & Commun Bldg, Salt Lake City, UT 84112 USA",USA,X
DOCTOR,RD,SEEKING EQUITY IN THE NATIONAL INFORMATION INFRASTRUCTURE,"DOCTOR, RD (1)",38.1,39.83,10.59,5.37,3.09,3.03,"UNIV ALABAMA, SCH LIB & INFORMAT STUDIES, TUSCALOOSA, AL 35487 USA",USA,X
Loke,Jaime,"""Readers' Debate A Local Murder Trial: """"Race"""" in the Online Public Sphere""","Loke, Jaime (1)",38.07,(S),50.77,(S),5.69,3.28,"Univ Oklahoma, Gaylord Coll Journalism & Mass Commun, 395 W Lindsey,Suite 3000, Norman, OK 73019 USA",USA,X
ALE,JL,COGNITIVE PROCESSING OF FEAR-AROUSING MESSAGE CONTENT,"ALE, JL (1)| LEMIEUX, R (2)| MONGEAU, P (3)",37.86,11.31,22.78,0,1.81,26.24,"UNIV MIAMI,CORAL GABLES,FL 33124",USA,X
MCCLENDON,MJ,QUESTION-ORDER EFFECTS ON THE DETERMINANTS OF SUBJECTIVE WELL-BEING,"MCCLENDON, MJ (1)| OBRIEN, DJ (2)",37.73,55.98,0.34,0.49,3.14,2.31,"UNIV MISSOURI,DEPT COMMUNITY DEV,COLUMBIA,MO 65201",USA,X
Grier,SA,Noticing cultural differences: Ad meanings created by target and non-target markets,"Grier, SA (1)| Brumbaugh, AM (2)",37.71,57.41,0.39,0.17,2.48,1.84,"Stanford Univ, Grad Sch Business, Stanford, CA 94305 USA",USA,X
Sydnor,Emily,Platforms for Incivility: Examining Perceptions Across Different Media Formats,"Sydnor, Emily (1)",37.04,56.92,0.29,0.22,3.31,2.22,"Southwestern Univ, Georgetown, TX USA",USA,X
Pleasant,Andrew,Advancing Health Literacy Measurement: A Pathway to Better Health and Health System Performance,"Pleasant, Andrew (1)",36.53,54.92,0.33,1.61,3.56,3.05,"Canyon Ranch Inst, Phoenix, AZ 85750 USA",USA,X
Holiday,Steven,"""Jack and Jill Be Nimble: A Historical Analysis of an """"Adless"""" Children's Magazine""","Holiday, Steven (1)",36.13,49.47,0.49,8.98,2.91,2.02,"Univ Alabama, Advertising, Tuscaloosa, AL USA",USA,X
MINS,MA,2-SIDED VERSUS ONE-SIDED CELEBRITY ENDORSEMENTS - THE IMPACT ON ADVERTISING EFFECTIVENESS AND CREDIBILITY,"MINS, MA (1)| BRAND, MJ (2)| HOEKE, SA (3)| MOE, JC (4)",36.02,54.66,(S),(S),4.97,(S),"TRUST CO W,LOS ANGELES,CA",USA,X
RANE,LD,"PHYSIOLOGICAL RESPONSE TO COMMUNICATION MODES - READING, LISTENING, WRITING, SPEAKING, AND EVALUATING","RANE, LD (1)| DIEKER, RJ (2)| BROWN, CT (3)",35.95,(S),58.17,1.8,(S),2.61,"WESTERN MICHIGAN UNIV,KALAMAZOO,MI 49003",USA,X
Lee,Micky,What Can Political Economists Learn From Economic Sociologists? A Case Study of NASDAQ,"Lee, Micky (1)",35.95,16.33,42.22,0.97,2.64,1.89,"Suffolk Univ, Dept Commun & Journalism, Boston, MA 02114 USA",USA,X
Lee,Monica,Surfeit and surface,"Lee, Monica (1)| Martin, John Levi (2)",35.95,16.33,42.22,0.97,2.64,1.89,"Facebook Inc, Menlo Pk, CA USA",USA,X
Lee,Caroline W.,"""The """"Got Art?"""" paradox: Questioning the value of art in collective action""","Lee, Caroline W. (1)| Lingo, Elizabeth Long (2)",35.95,16.33,42.22,0.97,2.64,1.89,"Lafayette Coll, Dept Anthropol & Sociol, Easton, PA 18042 USA",USA,X
Lee,Elizabeth M.,Less bang for the buck? Cultural capital and immigrant status effects on kindergarten academic outcomes,"Lee, Elizabeth M. (1)| Kao, Grace (2)",35.95,16.33,42.22,0.97,2.64,1.89,"Univ Penn, Dept Sociol, Philadelphia, PA 19104 USA",USA,X
Lee,M,The federal Public Relations Adminstration: history's near miss,"Lee, M (1)",35.95,16.33,42.22,0.97,2.64,1.89,"Univ Wisconsin, Dept Govt Affairs, Milwaukee, WI 53203 USA",USA,X
Lee,S,An analysis of other countries' international public relations in the US,"Lee, S (1)",35.95,16.33,42.22,0.97,2.64,1.89,"Iowa State Univ, Greenlee Sch Journalism & Commun, Ames, IA 50011 USA",USA,X
Lee,Mordecai,"The short life of the Government Public Relations Association in the US, 1949-1958","Lee, Mordecai (1)",35.95,16.33,42.22,0.97,2.64,1.89,"Univ Wisconsin, Milwaukee, WI 53203 USA",USA,X
Lee,Suman,Return on investment (ROI) of international public relations: A country-level analysis,"Lee, Suman (1)| Yoon, Youngmin (2)",35.95,16.33,42.22,0.97,2.64,1.89,"Iowa State Univ, Greenlee Sch Journalism & Commun, Ames, IA 50011 USA",USA,X
Lee,J,Third gatekeeping in Korea: the screening of first-edition newspapers by public relations practitioners,"Lee, J (1)| Berkowitz, D (2)",35.95,16.33,42.22,0.97,2.64,1.89,"Univ Iowa, Sch Journalism & Mass Commun, Iowa City, IA 52242 USA",USA,X
Lee,MJ,Effects of anti-tobacco advertisements based on risk-taking tendencies: Realistic fear vs. vulgar humor,"Lee, MJ (1)| Ferguson, MA (2)",35.95,16.33,42.22,0.97,2.64,1.89,"Washington State Univ, Pullman, WA 99164 USA",USA,X
Lee,TT,Media effects on political disengagement revisited: A multiple-media approach,"Lee, TT (1)",35.95,16.33,42.22,0.97,2.64,1.89,"Washington State Univ, Edward R Murrow Sch Commun, Pullman, WA 99164 USA",USA,X
Lee,KY,The portrayal of Asian Americans in mainstream magazine ads: An update,"Lee, KY (1)| Joo, SH (2)",35.95,16.33,42.22,0.97,2.64,1.89,"Michigan State Univ, Mass Media PhD Program, E Lansing, MI 48824 USA",USA,X
Lee,Kory,Social Inclusion Predicts Lower Blood Glucose and Low-Density Lipoproteins in Healthy Adults,", Kory (1)| Veksler, Alice E. (2)| McEwan, Bree (3)| Hesse, Colin (4)| Boren, Justin P. (5)| Dinsmore, Dana R. (6)| Pavlich, Corey A. (7)",35.95,16.33,42.22,0.97,2.64,1.89,"Univ Arizona, Dept Commun, POB 210025, Tucson, AZ 85721 USA",USA,X
Lee,David Haldane,"A Cardiology Exhibit at a Science Museum, Viewed as Speech Acts in Sequence","Lee, David Haldane (1)",35.95,16.33,42.22,0.97,2.64,1.89,"CUNY, Dept Humanities, New York City Coll Technol, New York, NY USA",USA,X
Lee,Nicole,Vicarious interaction: The role of observed online communication in fostering organization-public relationships,"Lee, Nicole (1)| Seltzer, Trent (2)",35.95,16.33,42.22,0.97,2.64,1.89,"North Carolina State Univ, Dept Commun, Raleigh, NC 27695 USA",USA,X
Lee,Stella Juhyun,Testing the Replication and Extension of Why-Quit and How-To-Quit Antismoking Health Messages,"Lee, Stella Juhyun (1)",35.95,16.33,42.22,0.97,2.64,1.89,"Dana Farber Canc Inst, Ctr Community Based Res, Boston, MA 02115 USA",USA,X
Lee,BK,Third-person effect and Internet pornography: The influence of collectivism and Internet self-efficacy,"Lee, BK (1)| Tamborini, R (2)",35.95,16.33,42.22,0.97,2.64,1.89,"Michigan State Univ, Dept Commun, E Lansing, MI 48824 USA",USA,X
Lee,Mira,Electronic word of mouth (eWOM) How eWOM platforms influence consumer product judgement,"Lee, Mira (1)| Youn, Seounmi (2)",35.95,16.33,42.22,0.97,2.64,1.89,"Michigan State Univ, Dept Advertising Publ Relat & Retailing, E Lansing, MI 48824 USA",USA,X
Lee,EJ,When placebic information differs from real information - Cognitive and motivational bases of mindful reactions to informational social influence,"Lee, EJ (1)",35.95,16.33,42.22,0.97,2.64,1.89,"Univ Calif Davis, Dept Commun, Davis, CA 95616 USA",USA,X
Lee,MH,"A symbols-and-meaning approach to the organizational cultures of banks in the United States, Japan, and Taiwan","Lee, MH (1)| Barnett, GA (2)",35.95,16.33,42.22,0.97,2.64,1.89,"SUNY BUFFALO,BUFFALO,NY 14260",USA,X
Lee,KM,The multiple source effect and synthesized speech,"Lee, KM (1)| Nass, C (2)",35.95,16.33,42.22,0.97,2.64,1.89,"Univ So Calif, Annenberg Sch Commun, Los Angeles, CA 90089 USA",USA,X
LEE,J,MAINTENANCE COMMUNICATION IN SUPERIOR-SUBORDINATE WORK RELATIONSHIPS,"LEE, J (1)| JABLIN, FM (2)",35.95,16.33,42.22,0.97,2.64,1.89,"UNIV RICHMOND, RICHMOND, VA USA",USA,X
Lee,Ashley,Invisible networked publics and hidden contention: Youth activism and social media tactics under repression,"Lee, Ashley (1)",35.95,16.33,42.22,0.97,2.64,1.89,"Harvard Univ, Cambridge, MA 02138 USA",USA,X
Lee,Claire Shinhea,"Web Series, YouTube, and Politics: Affective and Emotional Dimensions of WIGS Lauren's User Comments","Lee, Claire Shinhea (1)",35.95,16.33,42.22,0.97,2.64,1.89,"Univ Texas Austin, Dept Radio Televis Film, Austin, TX 78703 USA",USA,X
Lee,WN,The role of horizontal and vertical individualism and collectivism in online consumers' response toward persuasive communication on the web,"Lee, WN (1)| Choi, SM (2)",35.95,16.33,42.22,0.97,2.64,1.89,"Univ Texas, Coll Commun, Dept Advertising, Austin, TX 78712 USA",USA,X
Lee,JW,"Types of touch in cross-sex relationships between coworkers: Perceptions of relational and emotional messages, inappropriateness, and sexual harassment","Lee, JW (1)| Guerrero, LK (2)",35.95,16.33,42.22,0.97,2.64,1.89,"Arizona State Univ, Hugh Downs Sch Human Commun, Tempe, AZ 85287 USA",USA,X
LEE,WN,"NEW MEDIA, NEW MESSAGES - AN INITIAL INQUIRY INTO AUDIENCE REACTIONS TO ADVERTISING ON VIDEOCASSETTES","LEE, WN (1)| KATZ, H (2)",35.95,16.33,42.22,0.97,2.64,1.89,"DDB NEEDHAM WORLDWIDE, CHICAGO, IL USA",USA,X
Cutino,Chelsea M.,Restricting mobile phone access during homework increases attainment of study goals,"Cutino, Chelsea M. (1)| Nees, Michael A. (2)",35.52,5.88,(S),(S),(S),57.24,"Lafayette Coll, Easton, PA 18042 USA",USA,X
ALVARO,EM,INDIVIDUAL-DIFFERENCES IN RESPONSES TO SOCIAL-INFLUENCE ATTEMPTS - THEORY AND RESEARCH ON THE EFFECTS OF MISANTHROPY,"ALVARO, EM (1)| BURGOON, M (2)",35.52,(S),15.04,(S),3.12,45.52,"UNIV ARIZONA,CTR CANC,TUCSON,AZ 85721",USA,X
Alvaro,Eusebio M.,A Mass Mediated Intervention on Hispanic Live Kidney Donation,"varo, Eusebio M. (1)| Siegel, Jason T. (2)| Crano, William D. (3)| Dominick, Alexander (4)",35.52,(S),15.04,(S),3.12,45.52,"Claremont Grad Univ, Sch Behav & Org Sci, Dept Psychol, Claremont, CA 91711 USA",USA,X
Nabi,Robin L.,Why Misery Loves Company: The Role of Self-Forgiveness in Reducing Regret Through Media Consumption,"Nabi, Robin L. (1)",35.37,(S),47.83,(S),12.2,2.44,"Univ Calif Santa Barbara, Dept Commun, Santa Barbara, CA 93106 USA",USA,X
Nabi,RL,The persuasive effect of host and audience reaction shots in television talk shows,"Nabi, RL (1)| Hendriks, A (2)",35.37,(S),47.83,(S),12.2,2.44,"Univ Arizona, Dept Commun, Tucson, AZ 85721 USA",USA,X
TOCH,H,I SHOT AN ARROW IN AIR ... PERFORMING ARTS AS WEAPONS OF SOCIAL CHANGE,"TOCH, H (1)",34.76,(S),61.5,0,(S),(S),"SUNY, SCH CRIMINAL JUSTICE, ALBANY, NY USA",USA,X
Jamil,Raihan,A Culture-Centered Exploration of Health: Constructions From Rural Bangladesh,"Jamil, Raihan (1)| Dutta, Mohan J. (2)",34.5,2.36,54.58,(S),6.2,(S),"Purdue Univ, Brian Lamb Sch Commun, Dept Commun, W Lafayette, IN 47907 USA",USA,X
Jamil,Chris R.,The Influence of Uncertainty and Social Support on Information Seeking Concerning Illicit Stimulant Use Among Young Adults,", Chris R. (1)| Volkman, Julie E. (2)| Samter, Wendy (3)| Trunzo, Joseph (4)| McClure, Kelly (5)| Kohn, Carolynn (6)| Logue, Joanna C. (7)",34.5,2.36,54.58,(S),6.2,(S),"Bryant Univ, Dept Commun, Smithfield, RI 02917 USA",USA,X
Arpan,LM,"""Stormy weather: testing """"stealing thunder"""" as a crisis communication strategy to improve communication flow between organizations and journalists""","Arpan, LM (1)| Pompper, D (2)",33.52,(S),(S),51.1,7.69,6.59,"Florida State Univ, Dept Commun, Tallahassee, FL 32306 USA",USA,X
Arpan,Laura M.,EXPLORING ANGER IN THE HOSTILE MEDIA PROCESS: EFFECTS ON NEWS PREFERENCES AND SOURCE EVALUATION,"Arpan, Laura M. (1)| Nabi, Robin L. (2)",33.52,(S),(S),51.1,7.69,6.59,"Florida State Univ, Dept Commun, Tallahassee, FL 32306 USA",USA,X
Abo,Melissa M.,Using Health Conditions for Laughs and Health Policy Support: The Case of Food Allergies,"bo, Melissa M. (1)| Slater, Michael D. (2)| Jain, Parul (3)",33.42,10.61,44.03,0,10.61,1.33,"Ohio State Univ, Sch Commun, 309 Journalism Bldg,242 W 18th Ave, Columbus, OH 43017 USA",USA,X
Antony,Mary Grace,"""""""Is the friendship worth keeping:"""" Gender differences in communicating forgiveness in friendships""","Antony, Mary Grace (1)| Sheldon, Pavica (2)",33.07,3.17,56.35,0.66,1.39,5.36,"Western Washington Univ, Dept Commun Studies, CF 295,516 High St, Bellingham, WA 98225 USA",USA,X
CUBA,F,14 THINGS THAT MAKE OR BREAK TRACKING STUDIES,"CUBA, F (1)",32.74,9.72,2.51,(S),(S),52.48,"OGILVY & MATHER PARTNERS INC,NEW YORK,NY",USA,X
MITH,DH,COMMUNICATION ABOUT MEDICINES - PERCEPTIONS OF THE AMBULATORY ELDERLY,"MITH, DH (1)| CUNNINGHAM, KG (2)| HALE, WE (3)",32.73,14.55,45.45,(S),3.64,(S),"UNIV S FLORIDA,COLL MED,TAMPA,FL 33620",USA,X
MITH,MJ,"CROWDING, TASK-PERFORMANCE, AND COMMUNICATIVE INTERACTION IN YOUTH AND OLD-AGE","MITH, MJ (1)| REINHEIMER, RE (2)| GABBARDALLEY, A (3)",32.73,14.55,45.45,(S),3.64,(S),"UNIV VIRGINIA, CHARLOTTESVILLE, VA 22903 USA",USA,X
Silva,VT,In the beginning was the gene: The hegemony of genetic thinking in contemporary culture,"Silva, VT (1)",32.61,2.03,2.01,0.39,1.62,61.34,"Allegheny Coll, Dept Commun Arts, Meadville, PA 16335 USA",USA,X
Silva,Deborah,"Connection, Restructuring, and Buffering: How Groups Link Individuals and Organizations","Silva, Deborah (1)| Sias, Patricia M. (2)",32.61,2.03,2.01,0.39,1.62,61.34,"Walla Walla Univ, Walla Walla, WA USA",USA,X
Silva,Eric Orion,Evolutionary theory in letters to the editor,"Silva, Eric Orion (1)| Lowe, Clayton Cory (2)",32.61,2.03,2.01,0.39,1.62,61.34,"Georgia So Univ, Dept Sociol & Anthropol, Statesboro, GA 30460 USA",USA,X
Witherspoon,EM,"Courage of convictions: The St. Louis Post-Dispatch, the New York Times, and reform of the Pure Food and Drug Act, 1933-1937","Witherspoon, EM (1)",32.12,62.08,0.29,0.32,3.16,2.03,"Univ N Carolina, Chapel Hill, NC 27515 USA",USA,X
SE,SD,ETHNICITY-OF-INTERVIEWER EFFECTS AMONG MEXICAN-AMERICANS AND ANGLOS,"SE, SD (1)| DANIELSON, WA (2)| SHOEMAKER, PJ (3)| CHANG, TK (4)| HSU, HL (5)",30.99,4.17,51.04,(S),(S),10.94,"STANFORD UNIV,INST COMM RES,STANFORD,CA 94305",USA,X
Epps,Avriel C.,A Comparative Content Analysis of Anti- and Prosocial Rap Lyrical Themes Found on Traditional and New Media Outlets,"Epps, Avriel C. (1)| Dixon, Travis L. (2)",30.98,61.87,0.25,1.25,3.12,2.52,"Univ Calif Los Angeles, Dept Commun Studies, Los Angeles, CA 90024 USA",USA,X
Meng,Amanda,Grassroots resource mobilization through counter-data action,"Meng, Amanda (1)| DiSalvo, Carl (2)",30.93,0.51,57.01,0.38,1.05,10.12,"Georgia Inst Technol, Sch Comp Sci, Atlanta, GA 30332 USA",USA,X
Meng,Juan,Strategic leadership in public relations: An integrated conceptual framework,"Meng, Juan (1)",30.93,0.51,57.01,0.38,1.05,10.12,"Oklahoma State Univ, Sch Media & Strateg Commun, Stillwater, OK 74078 USA",USA,X
Mori,J,The construction of interculturality: A study of initial encounters between Japanese and American students,"Mori, J (1)",30.37,0.8,47.35,1.25,5.77,14.45,"Univ Wisconsin, Dept E Asian Languages & Literature, Madison, WI 53706 USA",USA,X
ING,KW,"PRETESTING TV COMMERCIALS - METHODS, MEASURES, AND CHANGING AGENCY ROLES","ING, KW (1)| PEHRSON, JD (2)| REID, LN (3)",30.21,1.27,56.67,0.28,7.55,4.02,"WHITTLE COMMUN, KNOXVILLE, TN 37902 USA",USA,X
Real,Kevin,Friends talk to friends about drinking: Exploring the role of peer communication in the theory of normative social Behavior,"Real, Kevin (1)| Rimal, Rajiv N. (2)",30.09,2.5,5.76,0.49,1.05,60.11,"Univ Kentucky, Dept Commun, Lexington, KY 40506 USA",USA,X
REAL,MR,SUPER BOWL - MYTHIC SPECTACLE,"REAL, MR (1)",30.09,2.5,5.76,0.49,1.05,60.11,"UNIV CALIF,SAN DIEGO,CA 92037",USA,X
Joseph,Andrea L.,Military Wives' Stressful Disclosures to Their Deployed Husbands: The Role of Protective Buffering,"Joseph, Andrea L. (1)| Afifi, Tamara D. (2)",29.59,54.19,9.76,0.99,2.49,2.98,"Univ Calif Santa Barbara, Dept Commun, Santa Barbara, CA 93106 USA",USA,X
Joseph,Andrea,(Unmet) Standards for emotional support and their short- and medium-term consequences,"oseph, Andrea (1)| Afifi, Tamara D. (2)| Denes, Amanda (3)",29.59,54.19,9.76,0.99,2.49,2.98,"Appl Mkt Sci, Boston, MA USA",USA,X
Sey,Araba,"'We use it different, different': Making sense of trends in mobile phone use in Ghana","Sey, Araba (1)",29.28,46.42,18.38,(S),(S),4.67,"Univ Washington, Informat Sch, Technol & Social Change Grp, Seattle, WA 98195 USA",USA,X
Jung,JM,How magazines covered media companies' mergers: The case of the evolution of Time Inc.,"Jung, JM (1)",28.4,0.49,67.76,0.15,1.79,1.42,"Univ Florida, Coll Journalism & Commun, Gainesville, FL 32611 USA",USA,X
Jung,Yumi,The Imagined Audience and Privacy Concern on Facebook: Differences Between Producers and Consumers,"Jung, Yumi (1)| Rader, Emilee (2)",28.4,0.49,67.76,0.15,1.79,1.42,"Michigan State Univ, Media & Informat Studies, E Lansing, MI 48824 USA",USA,X
Jung,JY,"""Internet connectedness and inequality - Beyond the """"divide""""""","ung, JY (1)| Qiu, JL (2)| Kim, YC (3)",28.4,0.49,67.76,0.15,1.79,1.42,"Univ So Calif, Annenberg Sch Commun, Los Angeles, CA 90089 USA",USA,X
Mebane,F,Bradley vs. Gore: How media covered proposals for health insurance reform in the context of the 2000 presidential campaign,"Mebane, F (1)",28.37,65.68,(S),(S),2.35,3,"Univ N Carolina, Sch Publ Hlth, Dept Hlth Policy & Adm, Chapel Hill, NC 27599 USA",USA,X
KIN,CK,QUALITY VERSUS QUANTITY IN TELEVISED POLITICAL ADS,"KIN, CK (1)| BOWEN, L (2)| NAYMAN, OB (3)| SHEINKOP.KG (4)",28.29,2.99,60.21,(S),(S),6.33,"MICHIGAN STATE UNIV,E LANSING,MI 48823",USA,X
Phillip,MV,Impact of gender differences on the evaluation of promotional emails,"Phillip, MV (1)| Suri, R (2)",27.5,55.8,5.96,3.6,3.6,3.53,"Cornell Univ, Sch Hotel Adm, Ithaca, NY 14853 USA",USA,X
RAN,SJ,YOU ARE WHAT YOU BUY - MASS-MEDIATED JUDGMENTS OF PEOPLES WORTH,"RAN, SJ (1)| MOK, JJ (2)| LAND, M (3)| KANG, TY (4)",27.34,6.73,60.58,(S),(S),3.57,"UNIV TEXAS,AUSTIN,TX 78712",USA,X
Ran,Weina,"Media Multitasking, Second Screening, and Political Knowledge: Task-Relevant and Task-Irrelevant Second Screening during Election News Consumption","Ran, Weina (1)| Yamamoto, Masahiro (2)",27.34,6.73,60.58,(S),(S),3.57,"Rensselaer Polytech Inst, Commun & Media, Troy, NY 12181 USA",USA,X
Ran,W,Staying connected while on the move: Cell phone use and social connectedness,"Ran, W (1)| Lo, VH (2)",27.34,6.73,60.58,(S),(S),3.57,"Univ S Carolina, Sch Journalism & Mass Commun, Columbia, SC 29208 USA",USA,X
Hara,Noriko,Co-constructing controversy: content analysis of collaborative knowledge negotiation in online communities,"Hara, Noriko (1)| Sanfilippo, Madelyn Rose (2)",25.78,0.38,41.95,0.46,7.65,23.78,"Indiana Univ, Dept Informat & Lib Sci, Bloomington, IN USA",USA,X
Colas,Yago,"""""""Ball Don't Lie!'' Rasheed Wallace and the Politics of Protest in the National Basketball Association""","Colas, Yago (1)",24.49,59.41,(S),(S),2.49,12.62,"Univ Michigan, Comparat Literature & Arts & Ideas Humanities, 2015 Tisch Hall, Ann Arbor, MI 48109 USA",USA,X
ALS,H,NEWBORN COMMUNICATES,"ALS, H (1)",24.46,55.43,(S),(S),4.89,11.96,"CHILDRENS HOSP MED CTR,CHILD DEV UNIT,BOSTON,MA 02115",USA,X
Ghaznavi,Jannath,Increasingly Violent but Still Sexy: A Decade of Central Female Characters in Top-Grossing Hollywood and Bollywood Film Promotional Material,"haznavi, Jannath (1)| Grasso, Katherine L. (2)| Taylor, Laramie D. (3)",23.78,4.86,59.46,(S),9.73,(S),"Calif State Univ Northridge, Northridge, CA 91330 USA",USA,X
Park,Hanna,Exploring effective crisis response strategies,"Park, Hanna (1)",23.34,0.79,72.98,0.16,1.74,1,"Middle Tennessee State Univ, Coll Media & Entertainment, Sch Journalism, POB 64,1301 East Main St, Murfreesboro, TN 37132 USA",USA,X
Park,David J.,The battle over SNS privacy for US employees and job applicants: an analysis of 2012-2013 state legislation,"Park, David J. (1)",23.34,0.79,72.98,0.16,1.74,1,"Florida Int Univ, Sch Commun & Journalism, 3000 NE 151st St,BBC ACII 324, North Miami, FL 33181 USA",USA,X
Park,Mina,Information Sharing to Promote Risky Health Behavior on Social Media,"Park, Mina (1)",23.34,0.79,72.98,0.16,1.74,1,"Washington State Univ, Edward R Murrow Coll Commun, Pullman, WA 99163 USA",USA,X
PARK,B,SOME IMPLICATIONS OF TELEMEDICINE,"PARK, B (1)| BASHSHUR, R (2)",23.34,0.79,72.98,0.16,1.74,1,"NYU,ALTERNATE MEDIA CTR,SCH ARTS,NEW YORK,NY 10003",USA,X
Park,Michael K.,"""Race, Hegemonic Masculinity, and the """"Linpossible!'': An Analysis of Media Representations of Jeremy Lin""","Park, Michael K. (1)",23.34,0.79,72.98,0.16,1.74,1,"Univ Southern Calif, Annenberg Sch Commun & Journalism, Los Angeles, CA USA",USA,X
PARK,E,PRESIDENTIAL SUPPORT DURING THE IRAN-CONTRA AFFAIR - PEOPLES REASONING PROCESS AND MEDIA INFLUENCE,"PARK, E (1)| KOSICKI, GM (2)",23.34,0.79,72.98,0.16,1.74,1,"OHIO STATE UNIV,COLUMBUS,OH 43210",USA,X
Park,SY,The influence of presumed media influence on women's desire to be thin,"Park, SY (1)",23.34,0.79,72.98,0.16,1.74,1,"Bowling Green State Univ, Dept Telecommun, Sch Commun Studies, Bowling Green, OH 43403 USA",USA,X
PARK,CW,IMPACT OF PRIOR FAMILIARITY AND COGNITIVE COMPLEXITY ON INFORMATION-PROCESSING RULES,"PARK, CW (1)| SHETH, JN (2)",23.34,0.79,72.98,0.16,1.74,1,"UNIV KANSAS,LAWRENCE,KS 66044",USA,X
TELLIS,GJ,"DOES TV-ADVERTISING REALLY AFFECT SALES - THE ROLE OF MEASURES, MODELS, AND DATA AGGREGATION","TELLIS, GJ (1)| WEISS, DL (2)",23.31,68.59,2.96,0,1.62,3.52,"UNIV IOWA,IOWA CITY,IA",USA,X
BELMAN,LS,"DEWEY,J CONCEPT OF COMMUNICATION","BELMAN, LS (1)",23.16,1.97,(S),0.37,(S),73.92,"UNIV IOWA,SCH JOURNALISM,IOWA CITY,IA 52240",USA,X
Zia,Asim,Evaluating the effects of ideology on public understanding of climate change science: How to improve communication across ideological divides?,"Zia, Asim (1)| Todd, Anne Marie (2)",23.14,(S),67.56,(S),6.29,2.27,"Univ Vermont, Dept Community Dev & Appl Econ, Burlington, VT 05405 USA",USA,X
Eko,Lyombe,"""To republish or not to republish: The """"Je Suis Charlie"""" Mohammed cartoon and journalistic paradigms in a global context""","Eko, Lyombe (1)| Hellmueller, Lea (2)",22.94,55.05,14.68,(S),5.5,(S),"Texas Tech Univ, 3003 15th St, Lubbock, TX 79410 USA",USA,X
Brundidge,Jennifer,"""Encountering """"Difference'' in the Contemporary Public Sphere: The Contribution of the Internet to the Heterogeneity of Political Discussion Networks""","Brundidge, Jennifer (1)",22.94,71.44,(S),(S),3.54,1.36,"Univ Texas Austin, Dept Radiotelevis Film, Austin, TX 78703 USA",USA,X
Zama,Anri,A Relevance Rule Organizing Responsive Behavior During One Type of Institutional Extended Telling,"Zama, Anri (1)| Robinson, Jeffrey D. (2)",22.06,47.06,25.74,(S),(S),4.41,"Portland State Univ, Dept Commun, Univ Ctr Bldg,520 SW Harrison St,Suite 440, Portland, OR 97201 USA",USA,X
NER,G,TV VIOLENCE PROFILE .8. HIGHLIGHTS,"NER, G (1)| GROSS, L (2)| ELEEY, MF (3)| JACKSONBEECK, M (4)| JEFFRIESFOX, S (5)| SIGNORIELLI, N (6)",21.9,(S),66.67,0,(S),8.1,"UNIV PENN,ANNENBERG SCH COMMUN,PHILADELPHIA,PA 19174",USA,X
BEY,R,"DEMOGRAPHIC DIVERSITY ON CABLE - HAVE THE NEW CABLE CHANNELS MADE A DIFFERENCE IN THE REPRESENTATION OF GENDER, RACE, AND AGE","BEY, R (1)| SHIFFLET, M (2)| WEERAKKODY, N (3)| UKEILEY, S (4)",21.29,64.07,2.81,1.12,5.02,5.68,"RUTGERS STATE UNIV,MEDIA EDUC LAB,NEWARK,NJ 07102",USA,X
Ivory,James D.,"The effects of technological advancement and violent content in video games on players' feelings of presence, involvement, physiological arousal, and aggression","Ivory, James D. (1)| Kalyanaraman, Sriram (2)",21.21,73.18,0.24,0.17,3.01,2.19,"Virginia Polytech Inst & State Univ, Dept Commun, Blacksburg, VA 24061 USA",USA,X
Bolden,Galina B.,Soliciting Accounts With Why-Interrogatives in Conversation,"Bolden, Galina B. (1)| Robinson, Jeffrey D. (2)",21.14,72.27,0.26,0.29,3.67,2.37,"Rutgers State Univ, Dept Commun, New Brunswick, NJ 08901 USA",USA,X
Rasul,Azmat,Learning through entertainment: The effects of Bollywood movies on the job-seeking behavior of South Asian female,"Rasul, Azmat (1)| Raney, Arthur A. (2)",21.03,23.99,35.92,1.11,13.16,4.8,"Florida State Univ, Sch Commun, Tallahassee, FL 32306 USA",USA,X
Roman,Nataliya,"Information wars: Eastern Ukraine military conflict coverage in the Russian, Ukrainian and US newscasts","oman, Nataliya (1)| Wanta, Wayne (2)| Buniak, Iuliia (3)",20.79,1.86,0.97,0.2,0.51,75.67,"Univ North Florida, Jacksonville, FL USA",USA,X
Orbe,MP,Negotiating the tension between policy and reality: Exploring nurses' communication about organizational wrongdoing,"Orbe, MP (1)| King, G (2)",20.27,(S),10.6,(S),1.34,67.52,"Western Michigan Univ, Dept Commun, Kalamazoo, MI 49008 USA",USA,X
Sanz,Esteve,The meaning of digital platforms: Open and closed television infrastructure,"Sanz, Esteve (1)| Crosbie, Thomas (2)",20.09,2.82,2.44,0,0.7,73.96,"Yale Univ, Sch Law, Law, POB 208215, New Haven, CT 06520 USA",USA,X
Santos,Robert L.,PRESIDENTIAL ADDRESS BORNE OF A RENAISSANCE-A METAMORPHOSIS FOR OUR FUTURE,"Santos, Robert L. (1)",20.06,2.31,13.32,0.27,1.85,62.2,"Urban Inst, Washington, DC 20037 USA",USA,X
Hinzo,Angel M.,Digital survivance and Trickster humor: exploring visual and digital Indigenous epistemologies in the #NoDAPL movement,"Hinzo, Angel M. (1)| Clark, Lynn Schofield (2)",19.86,(S),(S),6.16,5.48,67.81,"Univ San Diego, Dept Ethn Studies, San Diego, CA 92110 USA",USA,X
Pal,Mahuya,Breaking the Myth of Indian Call Centers: A Postcolonial Analysis of Resistance,"Pal, Mahuya (1)| Buzzanell, Patrice M. (2)",19.56,2.47,69.35,0.55,4.92,3.15,"Univ S Florida, Dept Commun, Tampa, FL 33620 USA",USA,X
Bethea,LS,The impact of an older adult parent on communicative satisfaction and dyadic a ustment in the long-term marital relationship: Adult-children and spouses' retrospective accounts,"Bethea, LS (1)",19.53,74.76,0.18,0.55,2.66,2.32,"George Mason Univ, Dept Commun, Fairfax, VA 22030 USA",USA,X
Tom,G,The use of rhetorical devices in advertising,"Tom, G (1)| Eves, A (2)",19.02,1.57,52.53,16.63,6.91,3.33,"Calif State Univ Sacramento, Sacramento, CA 95819 USA",USA,X
Wyche,Susan,Imagined Facebook: An exploratory study of non-users' perceptions of social media in Rural Zambia,"Wyche, Susan (1)| Baumer, Eric P. S. (2)",18.63,73.89,0.28,0.42,3.7,3.08,"Michigan State Univ, Dept Media & Informat, E Lansing, MI 48824 USA",USA,X
Lagos,Taso G.,Mediating commons: rural Greece,"Lagos, Taso G. (1)",18.56,0.74,1.54,0.18,0.95,78.03,"Univ Washington, Dept Commun, Seattle, WA 98195 USA",USA,X
Ali,Christopher,"Media at the Margins: Policy and Practice in American, Canadian, and British Community Television","Ali, Christopher (1)",17.33,30.71,42.91,0.51,5.66,2.87,"Univ Penn, Philadelphia, PA 19104 USA",USA,X
Mohammed,Shaheed Nick,"""""""It-Getting"""" in the Colbert Nation Online Forum""","Mohammed, Shaheed Nick (1)",17.16,36.67,34.25,0.65,7.94,3.34,"Penn State Univ, Dept Commun, Altoona, PA 16601 USA",USA,X
Mohammed,S,Personal communication networks and the effects of an entertainment-education radio soap opera in Tanzania,"Mohammed, S (1)",17.16,36.67,34.25,0.65,7.94,3.34,"Marist Coll, Sch Commun & Arts, Dept Multimedia, Poughkeepsie, NY 12603 USA",USA,X
Mohammed,SN,Self-presentation of small developing countries on the world wide web: a study of official websites,"Mohammed, SN (1)",17.16,36.67,34.25,0.65,7.94,3.34,"Marist Coll, Sch Commun & Arts, Poughkeepsie, NY 12601 USA",USA,X
Lau,Richard R.,MEASURING VOTER DECISION STRATEGIES IN POLITICAL BEHAVIOR AND PUBLIC OPINION RESEARCH,"au, Richard R. (1)| Kleinberg, Mona S. (2)| Ditonto, Tessa M. (3)",16.19,0.24,76.07,0.08,3.94,3.47,"Rutgers State Univ, Dept Polit Sci, 89 George St, New Brunswick, NJ 08901 USA",USA,X
Herrero,Rolando,Analytical model of IoT CoAP traffic,"Herrero, Rolando (1)",16.1,(S),8.05,(S),1.1,74.57,"Northeastern Univ, Coll Engn, Boston, MA 02115 USA",USA,X
Mares,Marie-Louise,Be kind to three-legged dogs: Children's literal interpretations of TV's moral lessons,"Mares, Marie-Louise (1)| Acosta, Emily Elizabeth (2)",16.02,0.48,0.25,0.5,0.25,82.5,"Univ Wisconsin, Dept Commun Arts, Madison, WI 53706 USA",USA,X
Siles,Ignacio,The rise of blogging: Articulation as a dynamic of technological stabilization,"Siles, Ignacio (1)",15.55,7.56,(S),(S),0.7,75.63,"Northwestern Univ, Dept Commun Studies, Evanston, IL 60208 USA",USA,X
Pacheco,Julianna,Trends-Public Opinion on Smoking and Anti-Smoking Policies,"Pacheco, Julianna (1)",15.32,0.57,1.16,0.72,0.81,81.43,"Univ Michigan, Sch Publ Hlth, Ann Arbor, MI 48109 USA",USA,X
Kam,Jennifer A.,Examining the Effects of Mass Media Campaign Exposure and Interpersonal Discussions on Youth's Drug Use: The Mediating Role of Visiting Pro-Drug Websites,"Kam, Jennifer A. (1)| Lee, Chul-joo (2)",14,1.23,70.95,0.16,10.27,3.39,"Univ Illinois, Dept Commun, Urbana, IL 61801 USA",USA,X
Kam,Claude H.,Boosting the Potency of Resistance: Combining the Motivational Forces of Inoculation and Psychological Reactance,", Claude H. (1)| Ivanov, Bobi (2)| Sims, Jeanetta (3)| Compton, Josh (4)| Harrison, Kylie J. (5)| Parker, Kimberly A. (6)| Parker, James L. (7)| Averbeck, Joshua M. (8)",14,1.23,70.95,0.16,10.27,3.39,"Univ Oklahoma, Dept Commun, Norman, OK 73019 USA",USA,X
Vigil,Tammy R.,Facebook Users' Engagement and Perceived Life Satisfaction,"Vigil, Tammy R. (1)| Wu, H. Denis (2)",13.86,0.37,0.34,2.74,0.59,82.09,"Boston Univ, Coll Commun, Boston, MA 02215 USA",USA,X
Patra,Debasmita,"Nanoscience, nanotechnology, or nanotechnoscience: Perceptions of Indian nanoresearchers","Patra, Debasmita (1)",13.85,(S),82.09,(S),(S),(S),"Cornell Univ, Ithaca, NY USA",USA,X
Shome,Raka,When Postcolonial Studies Interrupts Media Studies,"Shome, Raka (1)",12.62,(S),79.61,0,4.85,(S),"Villanova Univ, Commun, Villanova, PA 19085 USA",USA,X
Shome,R,Space matters: The power and practice of space,"Shome, R (1)",12.62,(S),79.61,0,4.85,(S),"Arizona State Univ W, Dept Commun Studies, Glendale, AZ 85306 USA",USA,X
Shafi,Ashik,Personal Experience Versus Media Coverage: Testing the Issue Obtrusiveness Condition of Agenda-Setting Theory in a Developing Country,"Shafi, Ashik (1)",12.54,7.75,71.25,(S),4.38,(S),"Bethany Coll, Dept Commun, Lindsborg, KS USA",USA,X
Johar,Gita Venkataramani,Mistaken Inferences from Advertising Conversations: A Modest Research Agenda,"Johar, Gita Venkataramani (1)",12.5,8.78,70.95,(S),5.07,(S),"Columbia Business Sch, Mkt, New York, NY USA",USA,X
JOHAR,JS,VALUE-EXPRESSIVE VERSUS UTILITARIAN ADVERTISING APPEALS - WHEN AND WHY TO USE WHICH APPEAL,"JOHAR, JS (1)| SIRGY, MJ (2)",12.5,8.78,70.95,(S),5.07,(S),"VIRGINIA TECH,BLACKSBURG,VA",USA,X
Johar,GV,"The role of myth in creative advertising design: Theory, process and outcome","ohar, GV (1)| Holbrook, MB (2)| Stern, BB (3)",12.5,8.78,70.95,(S),5.07,(S),"Columbia Univ, Grad Sch Business, New York, NY 10027 USA",USA,X
Sar,Sela,Congruity between mood and message regulatory focus enhances the effectiveness of anti drinking and driving advertisements: a global versus local processing explanation,"Sar, Sela (1)| Anghelcev, George (2)",12.37,3.94,77.36,(S),3.57,(S),"Univ Illinois, Charles H Sandage Dept Advertising, Urbana, IL 61801 USA",USA,X
Monge,P,Communication structures and processes in globalization,"Monge, P (1)",12.13,1.03,1.1,0.08,0.33,85.32,"Univ So Calif, Annenberg Sch Commun, Los Angeles, CA 90089 USA",USA,X
Monge,Peter,The Evolution of Organizational Communication,"Monge, Peter (1)| Poole, Marshall Scott (2)",12.13,1.03,1.1,0.08,0.33,85.32,"Univ So Calif, Annenberg Sch Commun, Los Angeles, CA 90089 USA",USA,X
Monge,K,No shades of gray: The binary discourse of George W. Bush and an echoing press,", K (1)| Domke, D (2)| Graham, ES (3)| John, SL (4)| Pickard, VW (5)",12.13,1.03,1.1,0.08,0.33,85.32,"Univ Washington, Dept Commun, Seattle, WA 98195 USA",USA,X
Matias,J. Nathan,The Civic Labor of Volunteer Moderators Online,"Matias, J. Nathan (1)",11.82,0.86,8.92,0.21,0.98,77.21,"Princeton Univ, Psychol, Ctr Informat Technol Policy & Sociol, Princeton, NJ 08540 USA",USA,X
Postigo,Hector,CULTURAL PRODUCTION AND THE DIGITAL RIGHTS MOVEMENT Framing the right to participate in culture,"Postigo, Hector (1)",11.61,(S),(S),0,0,87.05,"Temple Univ, Dept Broadcasting Telecommun & Mass Media, Philadelphia, PA 19122 USA",USA,X
Gondal,Neha,Linking tie-meaning with network structure: Variable connotations of personal lending in a multiple-network ecology,"Gondal, Neha (1)| McLean, Paul D. (2)",11.45,(S),82.82,0,4.2,(S),"Rutgers State Univ, Dept Sociol, New Brunswick, NJ 08901 USA",USA,X
Millan,Sally J.,A Multifaceted Tool for a Complex Phenomenon: Coding Web-Based Interactivity as Technologies for Interaction Evolve,"Millan, Sally J. (1)| Hoy, Mariea G. (2)| Kim, Juran (3)| McMahan, Carolyn (4)",11.26,0.6,3.37,0.11,0.47,84.19,"Univ Tennessee, Knoxville, TN 37996 USA",USA,X
Millan,Elena S.,ADVERTISING'S NEW AUDIENCES,"Millan, Elena S. (1)| Mittal, Banwari (2)",11.26,0.6,3.37,0.11,0.47,84.19,"No Kentucky Univ, Dept Mkt, Highland Hts, KY USA",USA,X
Lazard,Allison J.,Website Designs for Communicating About Chemicals in Cigarette Smoke,"rd, Allison J. (1)| Byron, M. Justin (2)| Huyen Vu (3)| Peters, Ellen (4)| Schmidt, Annie (5)| Brewer, Noel T. (6)",11,82.51,(S),2.12,2.26,(S),"Univ N Carolina, Sch Media & Journalism, 384 Carroll Hall,CB 3365, Chapel Hill, NC 27599 USA",USA,X
CO,F,NEW WAVE GATEKEEPING - ELECTRONIC INDEXING EFFECTS ON NEWSPAPER READING,"CO, F (1)| HEETER, C (2)| SOFFIN, S (3)| STANLEY, C (4)",10.79,3.18,78.35,(S),(S),4.5,"MICHIGAN STATE UNIV,COMMUN TECHNOL LAB,E LANSING,MI 48824",USA,X
Sastre,Alexandra,"""The """"Guido"""" Situation: Minstrelsy, Parody, and Ethnic Performance on MTV's Jersey Shore""","Sastre, Alexandra (1)",10.78,2.36,(S),(S),0.74,85.82,"Univ Penn, Annenberg Sch Commun, Philadelphia, PA 19104 USA",USA,X
Abril,Eulalia Puig,Silencing Political Opinions: An Assessment of the Influence of Geopolitical Contexts in Colombia,"Abril, Eulalia Puig (1)| Rojas, Hernando (2)",10.72,0.71,8.24,0.55,1.56,78.23,"Univ Illinois, Dept Commun, 1007 W Harrison St,1152B BSB,MC 132, Chicago, IL 60607 USA",USA,X
Abril,Eulalia P.,LMFAO! Humor as a Response to Fear: Decomposing Fear Control within the Extended Parallel Process Model,"bril, Eulalia P. (1)| Szczypka, Glen (2)| Emery, Sherry L. (3)",10.72,0.71,8.24,0.55,1.56,78.23,"Univ Illinois, Commun, Chicago, IL 60607 USA",USA,X
Agosto,Denise E.,"""""""Don't be dumb-that's the rule I try to live by"""": A closer look at older teens' online privacy and safety attitudes""","Agosto, Denise E. (1)| Abbas, June (2)",10.7,1.9,0.85,(S),(S),86.23,"Drexel Univ, Coll Comp & Informat, Philadelphia, PA 19104 USA",USA,X
Leon,Luis F. Alvarez,Property regimes and the commodification of geographic information: An examination of Google Street View,"Leon, Luis F. Alvarez (1)",9.99,2.95,1.04,0.37,0.44,85.21,"Univ Calif Los Angeles, Dept Geog, 1255 Bunche Hall,POB 95124, Los Angeles, CA 90095 USA",USA,X
Valera,Pamela,Fatalistic Cancer Beliefs and Information Seeking in Formerly Incarcerated African-American and Hispanic Men: Implications for Cancer Health Communication and Research,"lera, Pamela (1)| Lian, Zi (2)| Brotzman, Laura (3)| Reid, Andrea (4)",9.99,1.29,19.52,(S),(S),67.93,"Nathan S Kline Inst Psychiat Res, Div Social Solut & Serv Res, 140 Old Orangeburg Rd, Orangeburg, NY 10962 USA",USA,X
DUA,P,SURVEY EVIDENCE ON EXCESSIVE PUBLIC PESSIMISM ABOUT THE FUTURE BEHAVIOR OF UNEMPLOYMENT,"DUA, P (1)| SMYTH, DJ (2)",9.57,8.26,77.33,(S),3.41,(S),"LOUISIANA STATE UNIV,BATON ROUGE,LA 70803",USA,X
Botero,Isabel C.,Employee Voice Behavior Interactive Effects of LMX and Power Distance in the United States and Colombia,"Botero, Isabel C. (1)| Van Dyne, Linn (2)",9.25,(S),0,(S),(S),90.21,"Illinois State Univ, Sch Commun, Normal, IL 61790 USA",USA,X
Carrion,Melissa L.,"""""""You need to do your research"""": Vaccines, contestable science, and maternal epistemology""","Carrion, Melissa L. (1)",9.12,1.86,1.41,0.23,0.32,87.06,"Georgia Southern Univ, Dept Writing & Linguist, Tech & Profess Commun, Statesboro, GA 30460 USA",USA,X
Ocejo,Richard E.,Show the animal: Constructing and communicating new elite food tastes at upscale butcher shops,"Ocejo, Richard E. (1)",9.05,0,0,0,0,90.95,"CUNY John Jay Coll Criminal Justice, New York, NY 10019 USA",USA,X
Rivero,YM,"Erasing blackness: the media construction of 'race' in Mi Familia, the first Puerto Rican situation comedy with a black family","Rivero, YM (1)",9.02,0.78,2.14,0.1,0.35,87.61,"Indiana Univ, Dept Commun & Culture, Bloomington, IN 47405 USA",USA,X
Mitra,Rahul,Framing the corporate responsibility-reputation linkage: The case of Tata Motors in India,"Mitra, Rahul (1)",8.84,(S),82.07,(S),4.19,4.7,"Purdue Univ, Brian Lamb Sch Commun, W Lafayette, IN 47907 USA",USA,X
Trujillo,Nick,Reflections on Communication and Sport: On Ethnography and Organizations,"Trujillo, Nick (1)",8.39,0.21,0.29,1.63,0.35,89.14,"Sacramento State Univ, Sacramento, CA 95819 USA",USA,X
TRA,R,WHEN DOES ADVERTISING HAVE AN IMPACT - A STUDY OF TRACKING DATA,"TRA, R (1)| LEHMANN, DR (2)| BURKE, J (3)| PAE, J (4)",8.16,5.51,81.84,(S),2.86,(S),"COLUMBIA UNIV,GRAD SCH BUSINESS,NEW YORK,NY 10027",USA,X
Chapa,Sindy,The Effect of Generational Status In Language-Tailored Political Messages Why Advertising Needs to Adjust To Appeal to Young-Adult Latino-Americans,"Chapa, Sindy (1)| Becerra, Enrique P. (2)",8.15,0.39,0.69,0.43,0.16,90.17,"Florida State Univ, Ctr Hispan Mkt Commun, Tallahassee, FL 32306 USA",USA,X
Banda,Kevin K.,"Issue Ownership, Issue Positions, and Candidate Assessment","Banda, Kevin K. (1)",8.12,2.56,2.98,0.21,0.36,85.77,"Univ Nevada, Dept Polit Sci, MS 0302,1664 N Virginia St, Reno, NV 89557 USA",USA,X
Louie,TA,Consumer response to a firm's endorser (dis)association decisions,"Louie, TA (1)| Obermiller, C (2)",8.05,3.41,78.63,1.52,5.62,2.77,"Univ Washington, Sch Business, Dept Mkt & Int Business, Seattle, WA 98195 USA",USA,X
Muniz,Albert M.,Vigilante marketing and consumer-created communications,"Muniz, Albert M., Jr. (1)| Schau, Hope Jensen (2)",8.02,0.55,0.4,0.36,0.25,90.42,"Depaul Univ, Coll Commerce, Chicago, IL 60604 USA",USA,X
Mena,Paul,Principles and Boundaries of Fact-checking: Journalists' Perception,"Mena, Paul (1)",8,1.16,1.15,0.23,0.34,89.12,"Univ Florida, Coll Journalism & Commun, Dept Journalism, Gainesville, FL 32611 USA",USA,X
Aleman,Sonya M.,Guerrillera Editorship enacts the decolonial imaginary of Chicana editors,"Aleman, Sonya M. (1)| Olivo, Flor de Maria (2)",7.83,0.44,0.28,0.08,0.17,91.19,"Univ Texas San Antonio, Mexican Amer Studies Program, San Antonio, TX 78249 USA",USA,X
TREVINO,LK,FLOW IN COMPUTER-MEDIATED COMMUNICATION - ELECTRONIC MAIL AND VOICE MAIL EVALUATION AND IMPACTS,"TREVINO, LK (1)| WEBSTER, J (2)",7.83,0.29,0.2,0.4,0.22,91.06,"PENN STATE UNIV,MARY J & FRANK B SMEAL COLL BUSINESS ADM,UNIV PK,PA 16802",USA,X
OGAWA,DM,CROSS-CULTURAL ANLYSIS OF FEEDBACK BEHAVIOR WITHIN JAPANESE AMERICAN AND CAUCASIAN AMERICAN SMALL GROUPS,"OGAWA, DM (1)| WELDEN, TA (2)",7.79,(S),76.31,(S),11.98,3.18,"UNIV HAWAII,HONOLULU,HI 96822",USA,X
Romo,Lynsey Kluever,Weighty Dynamics: Exploring Couples' Perceptions of Post-Weight-Loss Interaction,"Romo, Lynsey Kluever (1)| Dailey, Rene M. (2)",7.72,0.21,0.53,0.39,0.33,90.83,"N Carolina State Univ, Dept Commun, Raleigh, NC 27695 USA",USA,X
Chaudhri,Vidhi,Communicating corporate social responsibility on the internet - A case study of the top 100 information technology companies in India,"Chaudhri, Vidhi (1)| Wang, Jian (2)",7.71,(S),84.57,0,6.38,(S),"Purdue Univ, W Lafayette, IN 47907 USA",USA,X
Men,Linjuan Rita,Public engagement with CEOs on social media: Motivations and relational outcomes,"Men, Linjuan Rita (1)| Tsai, Wan-Hsiu Sunny (2)",7.71,(S),80,(S),2.01,9.4,"Univ Florida, Gainesville, FL 32611 USA",USA,X
Nakatani,Kazuo,A web analytics tool selection method: an analytical hierarchy process approach,"Nakatani, Kazuo (1)| Chuang, Ta-Tao (2)",7.65,(S),70.38,(S),14.98,6.82,"Gonzaga Univ, Sch Business Adm, Spokane, WA 99258 USA",USA,X
Ishii,Kumi,Conflict Management in Online Relationships,"Ishii, Kumi (1)",7.63,(S),75.12,(S),12.49,4.27,"Western Kentucky Univ, Dept Commun, Bowling Green, KY 42101 USA",USA,X
Rendon,Hector,Coverage of Mexico in United States media: Phases of academic scholarship,"Rendon, Hector (1)| Johnson, Melissa A. (2)",7.62,0.33,0.84,0.32,0.41,90.48,"N Carolina State Univ, Dept Commun, 201 Raleigh, Raleigh, NC 27695 USA",USA,X
VALIENTE,R,MECHANICAL CORRELATES OF AD RECOGNITION,"VALIENTE, R (1)",7.59,(S),11.07,(S),0.87,80.04,"GEORGIA STATE UNIV,ATLANTA,GA 30303",USA,X
Yamasaki,Jill,"Though Much Is Taken, Much Abides: The Storied World of Aging in a Fictionalized Retirement Home","Yamasaki, Jill (1)",7.5,(S),77.6,(S),8.5,6.21,"Univ Houston, Valenti Sch Commun, Houston, TX 77204 USA",USA,X
Jaramillo,Deborah L.,Astrological TV: The Creation and Destruction of a Genre,"Jaramillo, Deborah L. (1)",7.47,0.27,1,0.68,0.3,90.28,"Boston Univ, Dept Film & Televis, Boston, MA 02215 USA",USA,X
Mora,G. Cristina,Marketing the 'health and wealth gospel' across national borders; evidence from Brazil and the United States,"Mora, G. Cristina (1)",7.38,0.45,1.07,0.26,0.26,90.59,"Princeton Univ, Dept Sociol, Princeton, NJ 08544 USA",USA,X
Mora,Jose-Domingo,Social context and advertising effectiveness: a dynamic study,"Mora, Jose-Domingo (1)",7.38,0.45,1.07,0.26,0.26,90.59,"Univ Massachusetts Dartmouth, Charlton Coll Business, 285 Old Westport Rd, N Dartmouth, MA 02747 USA",USA,X
Kirmani,A,"Advertising repetition as a signal of quality: If it's advertised so much, something must be wrong","Kirmani, A (1)",7.3,0,82.58,(S),8.99,(S),"So Methodist Univ, Cox Sch Business, Dallas, TX 75275 USA",USA,X
Nayar,Kavita Ilona,Working it: the professionalization of amateurism in digital adult entertainment,"Nayar, Kavita Ilona (1)",7.09,0,81.23,0,5.56,6.13,"Univ Massachusetts Amherst, Dept Commun, Amherst, MA 01003 USA",USA,X
Yuki,Tania,What Makes Brands' Social Content Shareable on Facebook? An Analysis that Demonstrates The Power of Online Trust and Attention,"Yuki, Tania (1)",7.07,(S),83.84,0,7.07,(S),"Shareablee, New York, NY 10038 USA",USA,X
NARAYANA,CL,STABILITY OF PERCEPTIONS,"NARAYANA, CL (1)",7.07,(S),87.28,(S),3.89,(S),"WASHINGTON STATE UNIV,COLL ECON & BUSINESS,PULLMAN,WA 99163",USA,X
Rim,Hyejoon,"""""""How Negative Becomes Less Negative"""": Understanding the Effects of Comment Valence and Response Sidedness in Social Media""","Rim, Hyejoon (1)| Song, Doori (2)",6.96,2.24,88.39,(S),1.38,(S),"Univ Minnesota, Sch Journalism & Mass Commun, Minneapolis, MN 55406 USA",USA,X
Murthy,Dhiraj,TWITTER AND DISASTERS: The uses of Twitter during the 2010 Pakistan floods,"Murthy, Dhiraj (1)| Longwell, Scott A. (2)",6.94,1.03,89.43,(S),2.44,(S),"Bowdoin Coll, Dept Sociol & Anthropol, Coll Stn 7000, Brunswick, ME 04011 USA",USA,X
Lule,J,"Myth and terror on the editorial page: The New York Times responds to September 11, 2001","Lule, J (1)",6.85,4.92,0.48,(S),(S),87.19,"Lehigh Univ, Dept Journalism & Commun, Bethlehem, PA 18015 USA",USA,X
Tokunaga,Robert S.,Impressions on Social Networking Sites: Examining the Influence of Frequency of Status Updates and Likes on Judgments of Observers,"Tokunaga, Robert S. (1)| Quick, Justice D. (2)",6.76,(S),79.86,(S),9.72,3.52,"Univ Hawaii Manoa, Dept Communicol, George Hall 326,2560 Campus Rd, Honolulu, HI 96822 USA",USA,X
Tokunaga,Robert Shota,Engagement With Novel Virtual Environments: The Role of Perceived Novelty and Flow in the Development of the Deficient Self-Regulation of Internet Use andMedia Habits,"Tokunaga, Robert Shota (1)",6.76,(S),79.86,(S),9.72,3.52,"Univ Hawaii Manoa, Dept Communicol, Honolulu, HI 96822 USA",USA,X
AUTMAN,MR,PREDICTING DIRECT-MAIL RESPONSE FROM MALL INTERCEPT DATA,"AUTMAN, MR (1)| EDWARDS, MT (2)| FARRELL, B (3)",6.65,87.77,(S),(S),3.72,1.33,"ASSOCIATES RES BEHAV ARBOR INC, PHILADELPHIA, PA USA",USA,X
ITO,R,DIFFERENTIAL ATTITUDES OF NEW CAR BUYERS,"ITO, R (1)",6.51,(S),82.55,(S),6.77,3.61,"UNIV DETROIT,DETROIT,MI",USA,X
Martey,Rosa Mikeal,Reconsidering Site and Self: Methodological Frameworks for Virtual-World Research,"Martey, Rosa Mikeal (1)| Shiflett, Kevin (2)",6.47,90.65,0,0,(S),(S),"Colorado State Univ, Ft Collins, CO 80523 USA",USA,X
CABALLERO,MJ,EFFECTS OF MODEL ATTRACTIVENESS ON SALES RESPONSE,"CABALLERO, MJ (1)| SOLOMON, PJ (2)",6.32,0.75,3.07,0.22,0.38,89.25,"ARNOLD HARWELL & MCCLAIN, DALLAS, TX USA",USA,X
ANG,A,THE EFFECTS OF EMOTIONAL AROUSAL AND VALENCE ON TELEVISION VIEWERS COGNITIVE CAPACITY AND MEMORY,"ANG, A (1)| DHILLON, K (2)| DONG, QW (3)",6.3,0.59,84.18,0.18,2.84,5.92,"WASHINGTON STATE UNIV,SCH COMMUN,PULLMAN,WA",USA,X
Pinon,Juan,A multilayered transnational broadcasting television industry: The case of Latin America,"Pinon, Juan (1)",6.21,0.29,1.79,0.22,0.23,91.27,"NYU, New York, NY 10003 USA",USA,X
Manzano,Sylvia,Desperately Seeking Sonia? Latino Heterogeneity and Geographic Variation in Web Searches for Judge Sonia Sotomayor,"Manzano, Sylvia (1)| Ura, Joseph D. (2)",6.16,0.77,13.66,0.33,1.64,77.44,"Texas A&M Univ, Dept Polit Sci, College Stn, TX 77843 USA",USA,X
Moreno,Megan A.,Recruiting Adolescent Research Participants: In-Person Compared to Social Media Approaches,"no, Megan A. (1)| Waite, Alan (2)| Pumper, Megan (3)| Colburn, Trina (4)| Holm, Matt (5)| Mendoza, Jason (6)",6.09,0.43,0.67,0.37,0.22,92.23,"Seattle Childrens Res Inst, C-W 8-6,POB 5371, Seattle, WA 98105 USA",USA,X
Luthra,Rashmi,Perils of Translation in a Conflict Situation: Lessons from Kashmir,"Luthra, Rashmi (1)",5.88,(S),88.42,0,4.96,(S),"Univ Michigan Dearborn, Dearborn, MI 48128 USA",USA,X
Raghubir,P,Hong Kong 1997 in context,"Raghubir, P (1)| Johar, GV (2)",5.84,23.36,63.5,(S),4.38,(S),"Univ Calif Berkeley, Haas Sch Business, Berkeley, CA 94720 USA",USA,X
Atienza,Audie A.,Consumer Attitudes and Perceptions on mHealth Privacy and Security: Findings From a Mixed-Methods Study,"za, Audie A. (1)| Zarcadoolas, Christina (2)| Vaughon, Wendy (3)| Hughes, Penelope (4)| Patel, Vaishali (5)| Chou, Wen-Ying Sylvia (6)| Pritts, Joy (7)",5.8,(S),83.79,(S),4.05,6.19,"NCI, NIH, Rockville, MD 20892 USA",USA,X
Hashimoto,SD,"Technology, corporeal permeability, ideology","Hashimoto, SD (1)",5.79,(S),76.5,(S),14.48,3.08,"Hawaii Pacific Univ, Honolulu, HI 96813 USA",USA,X
Youn,S,Teenagers' perceptions of online privacy and coping behaviors: A risk-benefit appraisal approach,"Youn, S (1)",5.45,2.16,89.97,(S),1.46,(S),"Emerson Coll, Dept Mkt Commun, Boston, MA 02116 USA",USA,X
Alarcon,Antonio V. Menendez,"Media Representation of the European Union: Comparing Newspaper Coverage in France, Spain, and the United Kingdom","Alarcon, Antonio V. Menendez (1)",5.43,0.35,2.6,0.2,0.29,91.14,"Butler Univ, Indianapolis, IN 46208 USA",USA,X
Vargas,Patrick T.,A Practical Guide to Experimental Advertising Research,"argas, Patrick T. (1)| Duff, Brittany R. L. (2)| Faber, Ronald J. (3)",5.41,0.42,0.85,0.18,0.22,92.92,"Univ Illinois, Coll Media, Advertising, 810 S Wright St,MC 462, Urbana, IL 61801 USA",USA,X
Rivera,Kendra Dyanne,Emotional Taint: Making Sense of Emotional Dirty Work at the US Border Patrol,"Rivera, Kendra Dyanne (1)",5.4,0.95,2.04,0.18,0.37,91.06,"Calif State Univ San Marcos, Dept Commun, San Marcos, CA 92096 USA",USA,X
Garcia,Cesar,Could it happen again? Catholic Church Image Repair Strategies in the Revocation of the Excommunication of the Four Lefebvrian Bishops,"Garcia, Cesar (1)",5.38,0.45,1.41,0.47,0.26,92.03,"Cent Washington Univ, Dept Commun, Ellensburg, WA 98926 USA",USA,X
Garcia,Maria M.,"""Perception is truth: How U.S. newspapers framed the """"Go Green"""" conflict between BP and Greenpeace""","Garcia, Maria M. (1)",5.38,0.45,1.41,0.47,0.26,92.03,"Univ Missouri, Missouri Sch Journalism, Columbia, MO 65211 USA",USA,X
Torres,Rachel Y.,"Relationships Among Health Literacy, Knowledge About Hormone Therapy, Self-Efficacy, and Decision-Making Among Postmenopausal Health","Torres, Rachel Y. (1)| Marks, Ray (2)",5.35,0.57,1.43,0.2,0.28,92.16,"CUNY, Borough Manhattan Community Coll, Dept Hlth Educ, New York, NY 10007 USA",USA,X
Torres,Ivonne M.,Identification effects on advertising response,"Torres, Ivonne M. (1)| Briggs, Elten (2)",5.35,0.57,1.43,0.2,0.28,92.16,"New Mexico State Univ, Coll Business, Las Cruces, NM 88003 USA",USA,X
Martinez,Amanda R.,"Latino Audiences, Racial/Ethnic Identification, and Responses to Stereotypical Comedy","Martinez, Amanda R. (1)| Ramasubramanian, Srividya (2)",5.28,0.49,0.6,0.51,0.22,92.91,"Davidson Coll, Dept Commun Studies, Davidson, NC 28035 USA",USA,X
Mercado,Antonieta,"El Tequio: Social capital, civic advocacy journalism and the construction of a transnational public sphere by Mexican indigenous migrants in the US","Mercado, Antonieta (1)",5.24,0.58,6.85,0.14,0.63,86.55,"Univ San Diego, Dept Commun Studies, San Diego, CA 92110 USA",USA,X
Cruz,Joelle M.,Invisibility and Visibility in Alternative Organizing: A Communicative and Cultural Model,"Cruz, Joelle M. (1)",5.17,0.8,5.19,0.27,0.7,87.88,"Univ Colorado Boulder, Dept Commun, Hellems 96,UCB 270, Boulder, CO 80309 USA",USA,X
Cruz,MG,The impact of group size and proportion of shared information on the exchange and integration of information in groups,"ruz, MG (1)| Boster, FJ (2)| Rodriguez, JI (3)",5.17,0.8,5.19,0.27,0.7,87.88,"CALIF STATE UNIV LONG BEACH,LONG BEACH,CA 90840",USA,X
Takahashi,Bruno,Framing and sources: a study of mass media coverage of climate change in Peru during the V ALCUE,"Takahashi, Bruno (1)",5.11,(S),81.55,(S),10.04,3.1,"SUNY Syracuse, Coll Environm Sci & Forestry, Dept Environm Studies, Syracuse, NY 13210 USA",USA,X
MATHUR,LK,THE EFFECT OF ADVERTISING SLOGAN CHANGES ON THE MARKET VALUES OF FIRMS,"MATHUR, LK (1)| MATHUR, I (2)",5.1,0.58,90.8,(S),2.92,(S),"SO ILLINOIS UNIV,COLL BUSINESS & ADM,CARBONDALE,IL 62901",USA,X
SANCHEZ,ME,PROBING DONT KNOW ANSWERS - EFFECTS ON SURVEY ESTIMATES AND VARIABLE RELATIONSHIPS,"SANCHEZ, ME (1)| MORCHIO, G (2)",4.98,0.45,0.96,0.37,0.24,92.99,"UNIV MICHIGAN,INST SOCIAL RES,ANN ARBOR,MI 48109",USA,X
Valenzuela,Sebastian,"VARIATIONS IN MEDIA PRIMING: THE MODERATING ROLE OF KNOWLEDGE, INTEREST, NEWS ATTENTION, AND DISCUSSION","Valenzuela, Sebastian (1)",4.95,0.21,2.4,1.67,0.4,90.36,"Univ Texas Austin, Sch Journalism, Austin, TX 78712 USA",USA,X
Carpio,Genevieve G.,"Racial projections: cyberspace, public space, and the digital divide","Carpio, Genevieve G. (1)",4.91,0.33,13.73,1.28,1.32,78.43,"Univ Calif Los Angeles, Cesar E Chavez Dept Chicana & Chicano Studies, 7339 Bunche Hall, Los Angeles, CA 90095 USA",USA,X
Flores,Alejandro,Do Bilinguals Respond More Favorably to Candidate Advertisements in English or in Spanish?,"Flores, Alejandro (1)| Coppock, Alexander (2)",4.87,0.42,2.08,0.34,0.36,91.94,"Univ Chicago, Dept Polit Sci, Chicago, IL 60637 USA",USA,X
Lopez,Teresa,"One Size Fits All: Context Collapse, Self-Presentation Strategies and Language Styles on Facebook","Lopez, Teresa (1)| Shen, Cuihua (2)| Benefield, Grace A. (3)| Palomares, Nicholas A. (4)| Kosinski, Michal (5)| Stillwell, David (6)",4.86,0.57,1.02,0.38,0.25,92.92,"Univ Calif Davis, Dept Commun, Davis, CA 95616 USA",USA,X
Coronel,Jason C.,The Effects of Gender Cues and Political Sophistication on Candidate Evaluation: A Comparison of Self-Report and Eye Movement Measures of Stereotyping,"Coronel, Jason C. (1)| Federmeier, Kara D. (2)",4.85,0.57,8.52,0.13,0.43,85.5,"Ohio State Univ, Sch Commun, Columbus, OH 43210 USA",USA,X
Nah,Seungahn,Communicative Action and Citizen Journalism: A Case Study of OhmyNews in South Korea,"Nah, Seungahn (1)| Chung, Deborah S. (2)",4.77,34.13,46.06,(S),(S),14.08,"Univ Kentucky, Lexington, KY 40506 USA",USA,X
Velasquez,Alcides,Facilitating Social Media and Offline Political Engagement During Electoral Cycles: Using Social Cognitive Theory to Explain Political Action Among Hispanics and Latinos,"Velasquez, Alcides (1)| Quenette, Andrea M. (2)",4.75,0.66,1.71,0.43,0.24,92.22,"Univ Kansas, Dept Commun Studies, 1440 Jayhawk Blvd,Room 102, Lawrence, KS 66045 USA",USA,X
Woo,HJ,"Acculturation, cultivation, and daytime TV talk shows","Woo, HJ (1)| Dominick, JR (2)",4.65,0.44,86.86,0.08,4.81,3.16,"Univ Georgia, Grady Coll Journalism & Mass Commun, Athens, GA 30602 USA",USA,X
SAEKI,M,REFUSALS AND REJECTIONS - DESIGNING MESSAGES TO SERVE MULTIPLE GOALS,"SAEKI, M (1)| OKEEFE, BJ (2)",4.59,(S),86.24,0,(S),4.59,"UNIV ILLINOIS,DEPT SPEECH COMMUN,URBANA,IL 61801",USA,X
Saeki,Manabu,THE MYTH OF THE ELITE CUE INFLUENCE OF VOTERS' PREFERENCES ON THE US CONGRESS,"Saeki, Manabu (1)",4.59,(S),86.24,0,(S),4.59,"Jacksonville State Univ, Jacksonville, AL 36265 USA",USA,X
Pingol,LL,Information source usage and purchase satisfaction: Implications for product-focused print media,"Pingol, LL (1)| Miyazaki, AD (2)",4.59,(S),89.84,(S),1.97,3.28,"Florida Int Univ, Miami, FL 33199 USA",USA,X
TAT,PK,EXAMINING BLACK CONSUMER MOTIVES FOR COUPON USAGE,"TAT, PK (1)| BEJOU, D (2)",4.58,1.19,91.96,(S),1.26,(S),"UNIV N CAROLINA,CAMERON SCH BUSINESS ADM,WILMINGTON,NC 28401",USA,X
Guerrero,LK,Attachment styles and reactions to nonverbal involvement change in romantic dyads - Patterns of reciprocity and compensation,"Guerrero, LK (1)| Burgoon, JK (2)",4.55,0.33,2.2,0.22,0.43,92.27,"UNIV ARIZONA,TUCSON,AZ 85721",USA,X
Guerrero,Laura K.,Attachment and Relational Satisfaction: The Mediating Effect of Emotional Communication,"uerrero, Laura K. (1)| Farinelli, Lisa (2)| McEwan, Bree (3)",4.55,0.33,2.2,0.22,0.43,92.27,"Arizona State Univ, High Downs Sch Human Commun, Tempe, AZ 85287 USA",USA,X
Tokeshi,Matthew,Countering Implicit Appeals: Which Strategies Work?,"Tokeshi, Matthew (1)| Mendelberg, Tali (2)",4.5,0,76.58,0,9.01,9.91,"Princeton Univ, Dept Polit, Princeton, NJ 08544 USA",USA,X
Sastry,Shaunak,"Postcolonial Constructions of HIV/AIDS: Meaning, Culture, and Structure","Sastry, Shaunak (1)| Dutta, Mohan J. (2)",4.46,1.64,90.85,(S),2.11,(S),"Purdue Univ, Dept Commun, W Lafayette, IN 47907 USA",USA,X
Madrigal,R,The influence of social alliances with sports teams on intentions to purchase corporate sponsors' products,"Madrigal, R (1)",4.44,0.17,1.07,0.31,0.33,93.69,"Univ Oregon, Charles H Lundquist Coll Business, Eugene, OR 97403 USA",USA,X
Madrigal,Robert,Creative Analogy As a Means of Articulating Incongruent Sponsorships,"Madrigal, Robert (1)| King, Jesse (2)",4.44,0.17,1.07,0.31,0.33,93.69,"Calif State Univ Chico, Mkt, Chico, CA 95929 USA",USA,X
Singh,Nitish,Culturally customizing websites for US Hispanic online consumers,"ngh, Nitish (1)| Baack, Daniel W. (2)| Pereira, Arun (3)| Baack, Donald (4)",4.29,4.48,82.77,1.15,4.81,2.5,"St Louis Univ, Boeing Inst Int Business, St Louis, MO 63103 USA",USA,X
Blankson,Charles,Congruence between positioning and brand advertising,"Blankson, Charles (1)| Kalafatis, Stavros P. (2)",4.05,89.64,(S),0,4.95,(S),"Univ N Texas, New Product Dev Scholars Program, Dept Mkt & Logist, Coll Business Adm, Denton, TX 76203 USA",USA,X
Cepeda,Maria Elena,"""Beyond """"filling in the gap"""": the state and status of Latina/o Feminist Media Studies""","Cepeda, Maria Elena (1)",3.94,1.07,3.32,(S),(S),90.72,"Williams Coll, Latinao Studies, Williamstown, MA 01267 USA",USA,X
Chao,P,"The moderating effects of country of assembly, country of parts, and country of design on hybrid product evaluations","Chao, P (1)",3.67,0.18,86.7,0.05,2.96,6.43,"Univ No Iowa, Dept Mkt, Cedar Falls, IA 50614 USA",USA,X
Diao,FF,Orienting response and memory for web advertisements: Exploring effects of pop-up window and animation,"Diao, FF (1)| Sundar, SS (2)",3.54,16.92,76.01,(S),2.78,(S),"Penn State Univ, Coll Commun, Media Effects Res Lab, University Pk, PA 16802 USA",USA,X
Guha,Pallavi,HASH TAGGING BUT NOT TRENDING: THE SUCCESS AND FAILURE OF THE NEWS MEDIA TO ENGAGE WITH ONLINE FEMINIST ACTIVISM IN INDIA,"Guha, Pallavi (1)",3.48,(S),89.88,(S),5.8,(S),"Univ Maryland, College Pk, MD 20742 USA",USA,X
Wong,Norman C. H.,Antismoking Threat and Efficacy Appeals: Effects on Smoking Cessation Intentions for Smokers with Low and High Readiness to Quit,"Wong, Norman C. H. (1)| Cappella, Joseph N. (2)",3.48,0.79,86.49,0.04,5.2,4,"Univ Oklahoma, Dept Commun, Norman, OK 73019 USA",USA,X
Wong,J,"""Repetition in conversation: A look at """"first and second sayings""""""","Wong, J (1)",3.48,0.79,86.49,0.04,5.2,4,"Coll New Jersey, Dept Language & Commun Sci, Ewing, NJ 08628 USA",USA,X
Parameswaran,Radhika,Shaming the Nation on Public Affairs Television Barkha Dutt tackles colorism on We the People,"Parameswaran, Radhika (1)",3.38,0,95.49,0,(S),(S),"Indiana Univ, Media Sch, Bloomington, IN 47405 USA",USA,X
Parameswaran,R,"Reading fictions of romance: Gender, sexuality, and nationalism in postcolonial India","Parameswaran, R (1)",3.38,0,95.49,0,(S),(S),"Indiana Univ, Sch Journalism, Bloomington, IN 47401 USA",USA,X
Dalisay,Francis,Local Newspaper Coverage and Endorsement of a US Military Buildup in the Pacific,"Dalisay, Francis (1)| Yamamoto, Masahiro (2)",3.27,(S),88.28,(S),1.63,6.27,"Cleveland State Univ, Cleveland, OH 44115 USA",USA,X
Dalisay,Patricia,Shifting Contours in Political Communication Research,", Patricia (1)| Bimber, Bruce (2)| Rojecki, Andrew (3)| Xenos, Michael A. (4)| Iyengar, Shanto (5)",3.27,(S),88.28,(S),1.63,6.27,"Univ Washington, Seattle, WA 98195 USA",USA,X
Chong,Dennis,A theory of framing and opinion formation in competitive elite environments,"Chong, Dennis (1)| Druckman, James N. (2)",3.2,1.72,78.89,0.1,7.3,8.79,"Northwestern Univ, Dept Polit Sci, Evanston, IL 60208 USA",USA,X
Chong,Alain Yee-Loong,Influence of interorganizational relationships on SMEs' e-business adoption,"ong, Alain Yee-Loong (1)| Ooi, Keng-Boon (2)| Lin, Binshan (3)| Tang, Shu Yi (4)",3.2,1.72,78.89,0.1,7.3,8.79,"Louisiana State Univ, Coll Business Adm, Shreveport, LA 71105 USA",USA,X
Khang,Hyoungkoo,"Social Media Research in Advertising, Communication, Marketing, and Public Relations, 1997-2010","hang, Hyoungkoo (1)| Ki, Eyun-Jung (2)| Ye, Lan (3)",3.11,0.62,93.02,(S),2.67,(S),"Univ Alabama, Tuscaloosa, AL 35487 USA",USA,X
Bhargava,M,Sales response to outdoor advertising,"Bhargava, M (1)| Donthu, N (2)",3.09,(S),93.44,0.62,2.7,(S),"Oakland Univ, Rochester, MI 48063 USA",USA,X
Phua,Joe,"Starring in your own Snapchat advertisement: Influence of self-brand congruity, self-referencing and perceived humor on brand attitude and purchase intention of advertised brands","Phua, Joe (1)| Kim, Jihoon (Jay) (2)",3.07,(S),88.34,(S),3.68,3.68,"Univ Georgia, Grady Coll Journalism & Mass Commun, 120 Hooper St, Athens, GA 30602 USA",USA,X
Namkoong,Kang,"Communication, Reasoning, and Planned Behaviors: Unveiling the Effect of Interactive Communication in an Anti-Smoking Social Media Campaign","mkoong, Kang (1)| Nah, Seungahn (2)| Record, Rachael A. (3)| Van Stee, Stephanie K. (4)",3.05,(S),91.37,0,4.06,(S),"Univ Kentucky, Dept Community & Leadership Dev, 504 Garrigus Bldg, Lexington, KY 40546 USA",USA,X
Gangadharan,Seeta Pena,"Translation in the Media Ownership Debate: The Work of Civil Society Groups and the Federal Communications Commission, 2002-2007","Gangadharan, Seeta Pena (1)",3.03,(S),90.4,(S),3.03,(S),"Yale Univ, Informat Soc Project, New Haven, CT 06520 USA",USA,X
Hou,Jiran,Dimensions of disclosures: Corporate social responsibility (CSR) reporting by media companies,"Hou, Jiran (1)| Reber, Bryan H. (2)",2.96,0.58,94.6,(S),1.4,(S),"Univ Georgia, Grady Coll Journalism & Mass Commun, Athens, GA 30602 USA",USA,X
Hou,Hye-Ryeon,"Social Media Use, Body Image, and Psychological Well-Being: A Cross-Cultural Comparison of Korea and the United States",", Hye-Ryeon (1)| Lee, Hye Eun (2)| Choi, Jounghwa (3)| Kim, Jang Hyun (4)| Han, Hae Lin (5)",2.96,0.58,94.6,(S),1.4,(S),"Univ Hawaii Manoa, Dept Communicol, Coll Arts & Humanities, Honolulu, HI 96822 USA",USA,X
Sangalang,Angeline,The Potential for Narrative Correctives to Combat Misinformation,"angalang, Angeline (1)| Ophir, Yotam (2)| Cappella, Joseph N. (3)",2.94,(S),89.41,(S),4.41,3.09,"Univ Dayton, Dept Commun, Dayton, OH 45469 USA",USA,X
Kuo,Rachel,Racial justice activist hashtags: Counterpublics and discourse circulation,"Kuo, Rachel (1)",2.6,(S),92.62,(S),3.84,0.65,"NYU, Dept Media Culture & Commun, New York, NY 10003 USA",USA,X
Appiah,Osei,"Cultural Voyeurism: A New Framework for Understanding Race, Ethnicity, and Mediated Intergroup Interaction","Appiah, Osei (1)",2.56,92.88,1.89,(S),1.83,(S),"Ohio State Univ, Sch Commun, 3050 Derby Hall, Columbus, OH 43210 USA",USA,X
Appiah,O,Americans online: Differences in surfing and evaluating race-targeted web sites by black and white users,"Appiah, O (1)",2.56,92.88,1.89,(S),1.83,(S),"Ohio State Univ, Sch Journalism & Commun, Columbus, OH 43210 USA",USA,X
Kim,Janna L.,Assessing Alcohol and Sexual Content on Reality Dating Programs,"Kim, Janna L. (1)| Wells, Brooke E. (2)",2.52,0.39,94.47,0.02,1.96,0.65,"Calif State Univ Fullerton, Dept Child & Adolescent Studies, 800 N State Coll Blvd, Fullerton, CA 92834 USA",USA,X
Kim,Y,Measuring the bottom-line impact of corporate public relations,"Kim, Y (1)",2.52,0.39,94.47,0.02,1.96,0.65,"Illinois State Univ, Dept Commun, Normal, IL 61761 USA",USA,X
Kim,Kacy,The effects of eWOM volume and valence on product sales - an empirical examination of the movie industry,"im, Kacy (1)| Yoon, Sukki (2)| Choi, Yung Kyun (3)",2.52,0.39,94.47,0.02,1.96,0.65,"Bryant Univ, Coll Business, Dept Mkt, Smithfield, RI USA",USA,X
Ho,Evelyn Y.,"Cultural Resources for Health Participation: Examining Biomedicine, Acupuncture, and Massage Therapy for HIV-Related Peripheral Neuropathy","Ho, Evelyn Y. (1)| Robles, Jessica S. (2)",2.42,0.2,93.06,0.03,3.21,1.08,"Univ San Francisco, Dept Commun Studies, San Francisco, CA 94117 USA",USA,X
Ho,Kevin K. W.,The impact of the uses and gratifications of tourist attraction fan page,"Ho, Kevin K. W. (1)| See-To, Eric W. K. (2)",2.42,0.2,93.06,0.03,3.21,1.08,"Univ Guam, Sch Business & Publ Adm, Mangilao, GU 96923 USA",USA,X
Ho,Daniel E.,"Estimating causal effects of ballot order from a randomized natural experiment - The California alphabet lottery, 1978-2002","Ho, Daniel E. (1)| Imai, Kosuke (2)",2.42,0.2,93.06,0.03,3.21,1.08,"Stanford Law Sch, Stanford, CA 94305 USA",USA,X
Ho,J,Hyperlink obsolescence in scholarly online journals,"Ho, J (1)",2.42,0.2,93.06,0.03,3.21,1.08,"Univ Illinois, Chicago, IL USA",USA,X
Mishra,Karen E.,Help or hype: Symbolic or behavioral communication during Hurricane Katrina,"Mishra, Karen E. (1)",2.42,0.14,94.28,0.27,2.31,0.57,"Univ N Carolina, Sch Journalism & Mass Commun, Chapel Hill, NC 27599 USA",USA,X
Chung,Deborah S.,Audience Motivations for Using Interactive Features: Distinguishing Use of Different Types of Interactivity on an Online Newspaper,"Chung, Deborah S. (1)| Yoo, Chan Yun (2)",2.25,2.28,90.01,0.03,4.02,1.4,"Univ Kentucky, Sch Journalism & Telecommun, Lexington, KY 40506 USA",USA,X
Chung,Adrienne H.,Reducing Stigma and Out-Group Distinctions Through Perspective-Taking in Narratives,"Chung, Adrienne H. (1)| Slater, Michael D. (2)",2.25,2.28,90.01,0.03,4.02,1.4,"Ohio State Univ, Dept Commun, Columbus, OH 43210 USA",USA,X
Santoso,Stephanie M.,The future of three-dimensional printing: Intellectual property or intellectual confinement?,"Santoso, Stephanie M. (1)| Wicker, Stephen B. (2)",2.24,(S),90.16,(S),5.15,2.01,"Cornell Univ, Informat Sci, Ithaca, NY 14850 USA",USA,X
ASANTE,MK,TELEVISION AND BLACK CONSCIOUSNESS,"ASANTE, MK (1)",1.75,94.86,(S),(S),1.75,1.32,"SUNY COLL BUFFALO,DEPT SPEECH COMMUN,BUFFALO,NY 14222",USA,X
Tetteh,Dinah A.,Visibility of the ovaries and breasts: an analysis of Angelina Jolie's medical announcements,"Tetteh, Dinah A. (1)",1.72,94.71,(S),(S),2.43,1,"Arkansas State Univ, Dept Commun, Jonesboro, AR 72401 USA",USA,X
Gailliard,Bernadette M.,Organizational Assimilation: A Multidimensional Reconceptualization and Measure,"ailliard, Bernadette M. (1)| Myers, Karen K. (2)| Seibold, David R. (3)",1.37,92.35,0,0,3.55,2.73,"Univ Calif Santa Barbara, Coll Engn, Technol Management Program, Grad Program Management Practice, Santa Barbara, CA 93106 USA",USA,X